match_id,league,country,season,date,home_team,away_team,home_team_goal,away_team_goal
1,Premier League,England,2018/2019,2018-09-27,Manchester United,Liverpool,3,0
2,Premier League,England,2018/2019,2018-08-13,Manchester United,Chelsea,0,0
3,Premier League,England,2018/2019,2018-12-19,Manchester United,Arsenal,3,2
4,Premier League,England,2018/2019,2018-12-04,Manchester United,Manchester City,0,0
5,Premier League,England,2018/2019,2018-11-23,Manchester United,Tottenham,1,1
6,Premier League,England,2018/2019,2018-10-11,Manchester United,Everton,1,0
7,Premier League,England,2018/2019,2018-09-22,Manchester United,Leicester City,1,1
8,Premier League,England,2018/2019,2018-09-14,Manchester United,West Ham,2,1
9,Premier League,England,2018/2019,2019-03-05,Manchester United,Newcastle,0,3
10,Premier League,England,2018/2019,2018-08-17,Liverpool,Manchester United,0,1
11,Premier League,England,2018/2019,2018-08-16,Liverpool,Chelsea,0,1
12,Premier League,England,2018/2019,2018-09-17,Liverpool,Arsenal,2,1
13,Premier League,England,2018/2019,2018-11-20,Liverpool,Manchester City,1,6
14,Premier League,England,2018/2019,2018-11-28,Liverpool,Tottenham,0,0
15,Premier League,England,2018/2019,2019-04-16,Liverpool,Everton,1,0
16,Premier League,England,2018/2019,2018-08-14,Liverpool,Leicester City,2,1
17,Premier League,England,2018/2019,2018-11-10,Liverpool,West Ham,1,2
18,Premier League,England,2018/2019,2019-03-03,Liverpool,Newcastle,0,4
19,Premier League,England,2018/2019,2018-11-21,Chelsea,Manchester United,1,2
20,Premier League,England,2018/2019,2019-03-18,Chelsea,Liverpool,0,1
21,Premier League,England,2018/2019,2018-12-21,Chelsea,Arsenal,3,0
22,Premier League,England,2018/2019,2018-08-04,Chelsea,Manchester City,4,1
23,Premier League,England,2018/2019,2018-10-21,Chelsea,Tottenham,0,0
24,Premier League,England,2018/2019,2019-03-05,Chelsea,Everton,0,1
25,Premier League,England,2018/2019,2019-01-22,Chelsea,Leicester City,2,2
26,Premier League,England,2018/2019,2018-12-21,Chelsea,West Ham,0,0
27,Premier League,England,2018/2019,2018-10-19,Chelsea,Newcastle,0,5
28,Premier League,England,2018/2019,2018-11-19,Arsenal,Manchester United,4,0
29,Premier League,England,2018/2019,2019-01-20,Arsenal,Liverpool,1,2
30,Premier League,England,2018/2019,2018-09-22,Arsenal,Chelsea,1,0
31,Premier League,England,2018/2019,2018-09-17,Arsenal,Manchester City,0,2
32,Premier League,England,2018/2019,2019-02-11,Arsenal,Tottenham,2,2
33,Premier League,England,2018/2019,2018-09-19,Arsenal,Everton,1,0
34,Premier League,England,2018/2019,2019-01-31,Arsenal,Leicester City,0,2
35,Premier League,England,2018/2019,2019-01-24,Arsenal,West Ham,2,0
36,Premier League,England,2018/2019,2018-12-14,Arsenal,Newcastle,2,2
37,Premier League,England,2018/2019,2018-08-23,Manchester City,Manchester United,2,2
38,Premier League,England,2018/2019,2019-03-24,Manchester City,Liverpool,2,0
39,Premier League,England,2018/2019,2018-10-03,Manchester City,Chelsea,2,1
40,Premier League,England,2018/2019,2019-02-10,Manchester City,Arsenal,1,1
41,Premier League,England,2018/2019,2018-09-10,Manchester City,Tottenham,1,1
42,Premier League,England,2018/2019,2018-12-29,Manchester City,Everton,2,2
43,Premier League,England,2018/2019,2019-02-02,Manchester City,Leicester City,1,0
44,Premier League,England,2018/2019,2018-11-07,Manchester City,West Ham,3,1
45,Premier League,England,2018/2019,2018-09-05,Manchester City,Newcastle,4,0
46,Premier League,England,2018/2019,2018-08-24,Tottenham,Manchester United,2,0
47,Premier League,England,2018/2019,2018-11-25,Tottenham,Liverpool,1,0
48,Premier League,England,2018/2019,2018-12-27,Tottenham,Chelsea,3,1
49,Premier League,England,2018/2019,2018-09-10,Tottenham,Arsenal,2,3
50,Premier League,England,2018/2019,2018-11-28,Tottenham,Manchester City,1,0
51,Premier League,England,2018/2019,2018-09-21,Tottenham,Everton,3,2
52,Premier League,England,2018/2019,2019-02-11,Tottenham,Leicester City,1,1
53,Premier League,England,2018/2019,2018-12-21,Tottenham,West Ham,0,1
54,Premier League,England,2018/2019,2019-03-21,Tottenham,Newcastle,4,5
55,Premier League,England,2018/2019,2019-02-03,Everton,Manchester United,2,0
56,Premier League,England,2018/2019,2018-10-23,Everton,Liverpool,3,0
57,Premier League,England,2018/2019,2019-02-06,Everton,Chelsea,2,3
58,Premier League,England,2018/2019,2019-01-29,Everton,Arsenal,2,4
59,Premier League,England,2018/2019,2018-11-16,Everton,Manchester City,3,2
60,Premier League,England,2018/2019,2018-12-15,Everton,Tottenham,1,1
61,Premier League,England,2018/2019,2018-09-06,Everton,Leicester City,2,1
62,Premier League,England,2018/2019,2018-10-27,Everton,West Ham,0,1
63,Premier League,England,2018/2019,2018-12-04,Everton,Newcastle,0,2
64,Premier League,England,2018/2019,2018-10-23,Leicester City,Manchester United,1,0
65,Premier League,England,2018/2019,2019-03-25,Leicester City,Liverpool,2,3
66,Premier League,England,2018/2019,2019-02-11,Leicester City,Chelsea,1,1
67,Premier League,England,2018/2019,2018-12-17,Leicester City,Arsenal,0,3
68,Premier League,England,2018/2019,2018-11-21,Leicester City,Manchester City,0,0
69,Premier League,England,2018/2019,2019-01-14,Leicester City,Tottenham,1,2
70,Premier League,England,2018/2019,2018-08-29,Leicester City,Everton,4,0
71,Premier League,England,2018/2019,2018-11-26,Leicester City,West Ham,2,0
72,Premier League,England,2018/2019,2018-08-17,Leicester City,Newcastle,0,0
73,Premier League,England,2018/2019,2019-01-09,West Ham,Manchester United,3,1
74,Premier League,England,2018/2019,2019-02-22,West Ham,Liverpool,0,1
75,Premier League,England,2018/2019,2018-12-16,West Ham,Chelsea,2,1
76,Premier League,England,2018/2019,2018-09-03,West Ham,Arsenal,3,0
77,Premier League,England,2018/2019,2018-11-17,West Ham,Manchester City,1,3
78,Premier League,England,2018/2019,2019-01-09,West Ham,Tottenham,2,4
79,Premier League,England,2018/2019,2018-11-17,West Ham,Everton,0,0
80,Premier League,England,2018/2019,2019-04-13,West Ham,Leicester City,0,0
81,Premier League,England,2018/2019,2019-02-19,West Ham,Newcastle,1,1
82,Premier League,England,2018/2019,2019-03-23,Newcastle,Manchester United,0,1
83,Premier League,England,2018/2019,2018-10-13,Newcastle,Liverpool,0,3
84,Premier League,England,2018/2019,2018-12-14,Newcastle,Chelsea,2,3
85,Premier League,England,2018/2019,2018-10-11,Newcastle,Arsenal,2,3
86,Premier League,England,2018/2019,2018-12-05,Newcastle,Manchester City,1,3
87,Premier League,England,2018/2019,2018-12-13,Newcastle,Tottenham,2,1
88,Premier League,England,2018/2019,2019-03-08,Newcastle,Everton,3,1
89,Premier League,England,2018/2019,2019-02-21,Newcastle,Leicester City,1,4
90,Premier League,England,2018/2019,2019-02-02,Newcastle,West Ham,1,1
91,La Liga,Spain,2018/2019,2018-11-21,Real Madrid,Barcelona,2,0
92,La Liga,Spain,2018/2019,2018-10-10,Real Madrid,Atletico Madrid,2,0
93,La Liga,Spain,2018/2019,2019-04-18,Real Madrid,Sevilla,1,2
94,La Liga,Spain,2018/2019,2019-04-10,Real Madrid,Valencia,0,2
95,La Liga,Spain,2018/2019,2018-09-16,Real Madrid,Villarreal,4,0
96,La Liga,Spain,2018/2019,2018-08-25,Real Madrid,Real Sociedad,2,1
97,La Liga,Spain,2018/2019,2018-09-26,Real Madrid,Athletic Bilbao,1,1
98,La Liga,Spain,2018/2019,2018-10-18,Real Madrid,Real Betis,0,0
99,La Liga,Spain,2018/2019,2018-10-21,Real Madrid,Getafe,4,0
100,La Liga,Spain,2018/2019,2019-03-05,Barcelona,Real Madrid,1,1
101,La Liga,Spain,2018/2019,2018-09-02,Barcelona,Atletico Madrid,1,3
102,La Liga,Spain,2018/2019,2019-02-14,Barcelona,Sevilla,3,2
103,La Liga,Spain,2018/2019,2019-02-12,Barcelona,Valencia,2,0
104,La Liga,Spain,2018/2019,2019-03-28,Barcelona,Villarreal,4,0
105,La Liga,Spain,2018/2019,2019-04-28,Barcelona,Real Sociedad,1,1
106,La Liga,Spain,2018/2019,2018-12-07,Barcelona,Athletic Bilbao,4,2
107,La Liga,Spain,2018/2019,2018-08-06,Barcelona,Real Betis,5,2
108,La Liga,Spain,2018/2019,2018-09-28,Barcelona,Getafe,0,3
109,La Liga,Spain,2018/2019,2018-12-15,Atletico Madrid,Real Madrid,2,3
110,La Liga,Spain,2018/2019,2019-01-22,Atletico Madrid,Barcelona,1,5
111,La Liga,Spain,2018/2019,2018-09-27,Atletico Madrid,Sevilla,2,1
112,La Liga,Spain,2018/2019,2018-12-29,Atletico Madrid,Valencia,2,2
113,La Liga,Spain,2018/2019,2019-03-11,Atletico Madrid,Villarreal,0,2
114,La Liga,Spain,2018/2019,2018-10-20,Atletico Madrid,Real Sociedad,3,2
115,La Liga,Spain,2018/2019,2019-03-21,Atletico Madrid,Athletic Bilbao,0,3
116,La Liga,Spain,2018/2019,2018-08-02,Atletico Madrid,Real Betis,0,0
117,La Liga,Spain,2018/2019,2018-12-13,Atletico Madrid,Getafe,1,1
118,La Liga,Spain,2018/2019,2019-04-14,Sevilla,Real Madrid,2,2
119,La Liga,Spain,2018/2019,2018-10-31,Sevilla,Barcelona,2,2
120,La Liga,Spain,2018/2019,2019-04-17,Sevilla,Atletico Madrid,2,1
121,La Liga,Spain,2018/2019,2018-09-24,Sevilla,Valencia,1,0
122,La Liga,Spain,2018/2019,2018-12-31,Sevilla,Villarreal,0,0
123,La Liga,Spain,2018/2019,2019-04-17,Sevilla,Real Sociedad,0,1
124,La Liga,Spain,2018/2019,2018-11-10,Sevilla,Athletic Bilbao,2,1
125,La Liga,Spain,2018/2019,2018-10-18,Sevilla,Real Betis,0,0
126,La Liga,Spain,2018/2019,2019-02-08,Sevilla,Getafe,0,0
127,La Liga,Spain,2018/2019,2018-10-22,Valencia,Real Madrid,0,0
128,La Liga,Spain,2018/2019,2018-08-01,Valencia,Barcelona,0,1
129,La Liga,Spain,2018/2019,2019-01-13,Valencia,Atletico Madrid,1,1
130,La Liga,Spain,2018/2019,2019-04-08,Valencia,Sevilla,2,2
131,La Liga,Spain,2018/2019,2018-08-10,Valencia,Villarreal,2,0
132,La Liga,Spain,2018/2019,2018-09-27,Valencia,Real Sociedad,0,1
133,La Liga,Spain,2018/2019,2019-02-02,Valencia,Athletic Bilbao,2,1
134,La Liga,Spain,2018/2019,2019-01-05,Valencia,Real Betis,1,2
135,La Liga,Spain,2018/2019,2018-12-01,Valencia,Getafe,0,1
136,La Liga,Spain,2018/2019,2018-08-30,Villarreal,Real Madrid,1,1
137,La Liga,Spain,2018/2019,2018-12-02,Villarreal,Barcelona,1,1
138,La Liga,Spain,2018/2019,2018-09-10,Villarreal,Atletico Madrid,4,0
139,La Liga,Spain,2018/2019,2018-09-13,Villarreal,Sevilla,3,0
140,La Liga,Spain,2018/2019,2019-04-06,Villarreal,Valencia,1,2
141,La Liga,Spain,2018/2019,2018-09-05,Villarreal,Real Sociedad,2,0
142,La Liga,Spain,2018/2019,2018-10-04,Villarreal,Athletic Bilbao,0,0
143,La Liga,Spain,2018/2019,2018-10-05,Villarreal,Real Betis,0,0
144,La Liga,Spain,2018/2019,2019-04-01,Villarreal,Getafe,1,1
145,La Liga,Spain,2018/2019,2018-10-24,Real Sociedad,Real Madrid,1,1
146,La Liga,Spain,2018/2019,2018-12-14,Real Sociedad,Barcelona,4,0
147,La Liga,Spain,2018/2019,2019-04-28,Real Sociedad,Atletico Madrid,3,0
148,La Liga,Spain,2018/2019,2019-03-05,Real Sociedad,Sevilla,1,1
149,La Liga,Spain,2018/2019,2018-11-17,Real Sociedad,Valencia,1,0
150,La Liga,Spain,2018/2019,2018-11-11,Real Sociedad,Villarreal,1,1
151,La Liga,Spain,2018/2019,2019-01-07,Real Sociedad,Athletic Bilbao,2,1
152,La Liga,Spain,2018/2019,2019-02-21,Real Sociedad,Real Betis,0,2
153,La Liga,Spain,2018/2019,2019-02-08,Real Sociedad,Getafe,1,2
154,La Liga,Spain,2018/2019,2019-03-13,Athletic Bilbao,Real Madrid,1,3
155,La Liga,Spain,2018/2019,2019-04-22,Athletic Bilbao,Barcelona,2,0
156,La Liga,Spain,2018/2019,2019-03-20,Athletic Bilbao,Atletico Madrid,3,1
157,La Liga,Spain,2018/2019,2018-10-01,Athletic Bilbao,Sevilla,0,0
158,La Liga,Spain,2018/2019,2018-12-05,Athletic Bilbao,Valencia,3,2
159,La Liga,Spain,2018/2019,2018-11-24,Athletic Bilbao,Villarreal,1,1
160,La Liga,Spain,2018/2019,2018-09-02,Athletic Bilbao,Real Sociedad,2,2
161,La Liga,Spain,2018/2019,2019-01-21,Athletic Bilbao,Real Betis,2,2
162,La Liga,Spain,2018/2019,2018-08-11,Athletic Bilbao,Getafe,0,2
163,La Liga,Spain,2018/2019,2018-11-26,Real Betis,Real Madrid,2,1
164,La Liga,Spain,2018/2019,2018-11-21,Real Betis,Barcelona,1,3
165,La Liga,Spain,2018/2019,2018-08-04,Real Betis,Atletico Madrid,1,1
166,La Liga,Spain,2018/2019,2018-09-06,Real Betis,Sevilla,2,0
167,La Liga,Spain,2018/2019,2018-08-31,Real Betis,Valencia,4,0
168,La Liga,Spain,2018/2019,2018-11-26,Real Betis,Villarreal,1,2
169,La Liga,Spain,2018/2019,2018-09-04,Real Betis,Real Sociedad,2,1
170,La Liga,Spain,2018/2019,2018-08-17,Real Betis,Athletic Bilbao,1,4
171,La Liga,Spain,2018/2019,2019-01-17,Real Betis,Getafe,1,2
172,La Liga,Spain,2018/2019,2018-09-06,Getafe,Real Madrid,4,2
173,La Liga,Spain,2018/2019,2019-04-21,Getafe,Barcelona,4,0
174,La Liga,Spain,2018/2019,2018-11-30,Getafe,Atletico Madrid,2,1
175,La Liga,Spain,2018/2019,2018-12-21,Getafe,Sevilla,2,1
176,La Liga,Spain,2018/2019,2019-04-06,Getafe,Valencia,1,1
177,La Liga,Spain,2018/2019,2018-11-18,Getafe,Villarreal,0,1
178,La Liga,Spain,2018/2019,2018-10-07,Getafe,Real Sociedad,2,1
179,La Liga,Spain,2018/2019,2019-03-31,Getafe,Athletic Bilbao,1,1
180,La Liga,Spain,2018/2019,2018-12-03,Getafe,Real Betis,1,2
181,Serie A,Italy,2018/2019,2019-03-31,Juventus,AC Milan,0,1
182,Serie A,Italy,2018/2019,2019-02-25,Juventus,Inter Milan,1,0
183,Serie A,Italy,2018/2019,2018-11-06,Juventus,Roma,0,1
184,Serie A,Italy,2018/2019,2018-09-18,Juventus,Napoli,0,2
185,Serie A,Italy,2018/2019,2018-09-19,Juventus,Lazio,1,1
186,Serie A,Italy,2018/2019,2019-03-09,Juventus,Atalanta,0,3
187,Serie A,Italy,2018/2019,2019-01-29,Juventus,Fiorentina,2,0
188,Serie A,Italy,2018/2019,2019-03-05,Juventus,Torino,2,0
189,Serie A,Italy,2018/2019,2019-02-27,Juventus,Sassuolo,1,0
190,Serie A,Italy,2018/2019,2019-03-28,AC Milan,Juventus,0,1
191,Serie A,Italy,2018/2019,2018-08-28,AC Milan,Inter Milan,1,0
192,Serie A,Italy,2018/2019,2018-09-20,AC Milan,Roma,1,2
193,Serie A,Italy,2018/2019,2018-09-01,AC Milan,Napoli,1,0
194,Serie A,Italy,2018/2019,2019-02-23,AC Milan,Lazio,1,0
195,Serie A,Italy,2018/2019,2019-01-21,AC Milan,Atalanta,0,0
196,Serie A,Italy,2018/2019,2018-09-25,AC Milan,Fiorentina,0,1
197,Serie A,Italy,2018/2019,2018-12-06,AC Milan,Torino,3,1
198,Serie A,Italy,2018/2019,2018-11-07,AC Milan,Sassuolo,1,1
199,Serie A,Italy,2018/2019,2018-11-06,Inter Milan,Juventus,1,2
200,Serie A,Italy,2018/2019,2019-03-18,Inter Milan,AC Milan,4,0
201,Serie A,Italy,2018/2019,2018-10-11,Inter Milan,Roma,1,1
202,Serie A,Italy,2018/2019,2019-03-05,Inter Milan,Napoli,0,3
203,Serie A,Italy,2018/2019,2018-11-02,Inter Milan,Lazio,1,1
204,Serie A,Italy,2018/2019,2018-12-21,Inter Milan,Atalanta,1,2
205,Serie A,Italy,2018/2019,2019-03-25,Inter Milan,Fiorentina,0,0
206,Serie A,Italy,2018/2019,2018-12-06,Inter Milan,Torino,0,3
207,Serie A,Italy,2018/2019,2018-09-08,Inter Milan,Sassuolo,1,2
208,Serie A,Italy,2018/2019,2019-03-15,Roma,Juventus,1,0
209,Serie A,Italy,2018/2019,2018-09-20,Roma,AC Milan,1,1
210,Serie A,Italy,2018/2019,2018-08-26,Roma,Inter Milan,1,1
211,Serie A,Italy,2018/2019,2018-08-08,Roma,Napoli,1,2
212,Serie A,Italy,2018/2019,2018-09-17,Roma,Lazio,1,0
213,Serie A,Italy,2018/2019,2018-11-30,Roma,Atalanta,1,0
214,Serie A,Italy,2018/2019,2018-10-25,Roma,Fiorentina,2,1
215,Serie A,Italy,2018/2019,2019-02-25,Roma,Torino,0,2
216,Serie A,Italy,2018/2019,2019-04-06,Roma,Sassuolo,1,3
217,Serie A,Italy,2018/2019,2019-04-04,Napoli,Juventus,1,0
218,Serie A,Italy,2018/2019,2018-11-18,Napoli,AC Milan,1,2
219,Serie A,Italy,2018/2019,2019-02-22,Napoli,Inter Milan,4,2
220,Serie A,Italy,2018/2019,2018-08-31,Napoli,Roma,1,2
221,Serie A,Italy,2018/2019,2018-10-24,Napoli,Lazio,2,2
222,Serie A,Italy,2018/2019,2019-02-11,Napoli,Atalanta,1,5
223,Serie A,Italy,2018/2019,2018-08-02,Napoli,Fiorentina,2,1
224,Serie A,Italy,2018/2019,2019-02-16,Napoli,Torino,0,0
225,Serie A,Italy,2018/2019,2018-12-14,Napoli,Sassuolo,2,0
226,Serie A,Italy,2018/2019,2019-03-21,Lazio,Juventus,1,1
227,Serie A,Italy,2018/2019,2018-12-25,Lazio,AC Milan,3,0
228,Serie A,Italy,2018/2019,2019-03-05,Lazio,Inter Milan,1,5
229,Serie A,Italy,2018/2019,2019-04-07,Lazio,Roma,2,4
230,Serie A,Italy,2018/2019,2018-10-19,Lazio,Napoli,2,0
231,Serie A,Italy,2018/2019,2018-11-06,Lazio,Atalanta,1,0
232,Serie A,Italy,2018/2019,2018-12-30,Lazio,Fiorentina,1,0
233,Serie A,Italy,2018/2019,2018-11-20,Lazio,Torino,2,1
234,Serie A,Italy,2018/2019,2018-08-30,Lazio,Sassuolo,2,3
235,Serie A,Italy,2018/2019,2018-09-01,Atalanta,Juventus,1,1
236,Serie A,Italy,2018/2019,2019-01-08,Atalanta,AC Milan,3,0
237,Serie A,Italy,2018/2019,2018-08-30,Atalanta,Inter Milan,0,0
238,Serie A,Italy,2018/2019,2018-08-26,Atalanta,Roma,0,1
239,Serie A,Italy,2018/2019,2019-04-02,Atalanta,Napoli,0,4
240,Serie A,Italy,2018/2019,2019-04-15,Atalanta,Lazio,2,0
241,Serie A,Italy,2018/2019,2018-10-20,Atalanta,Fiorentina,1,0
242,Serie A,Italy,2018/2019,2018-08-30,Atalanta,Torino,2,0
243,Serie A,Italy,2018/2019,2019-04-18,Atalanta,Sassuolo,2,5
244,Serie A,Italy,2018/2019,2018-09-11,Fiorentina,Juventus,0,1
245,Serie A,Italy,2018/2019,2018-11-04,Fiorentina,AC Milan,1,1
246,Serie A,Italy,2018/2019,2018-09-05,Fiorentina,Inter Milan,0,1
247,Serie A,Italy,2018/2019,2018-09-04,Fiorentina,Roma,2,2
248,Serie A,Italy,2018/2019,2018-11-29,Fiorentina,Napoli,2,5
249,Serie A,Italy,2018/2019,2019-02-23,Fiorentina,Lazio,4,0
250,Serie A,Italy,2018/2019,2018-10-01,Fiorentina,Atalanta,2,1
251,Serie A,Italy,2018/2019,2018-12-05,Fiorentina,Torino,2,3
252,Serie A,Italy,2018/2019,2018-08-21,Fiorentina,Sassuolo,1,2
253,Serie A,Italy,2018/2019,2018-09-11,Torino,Juventus,3,3
254,Serie A,Italy,2018/2019,2019-03-03,Torino,AC Milan,2,2
255,Serie A,Italy,2018/2019,2019-04-25,Torino,Inter Milan,1,0
256,Serie A,Italy,2018/2019,2019-01-09,Torino,Roma,1,1
257,Serie A,Italy,2018/2019,2018-12-12,Torino,Napoli,4,1
258,Serie A,Italy,2018/2019,2018-11-13,Torino,Lazio,0,1
259,Serie A,Italy,2018/2019,2019-01-08,Torino,Atalanta,3,2
260,Serie A,Italy,2018/2019,2018-12-01,Torino,Fiorentina,0,2
261,Serie A,Italy,2018/2019,2018-12-14,Torino,Sassuolo,0,2
262,Serie A,Italy,2018/2019,2019-02-19,Sassuolo,Juventus,1,2
263,Serie A,Italy,2018/2019,2018-10-07,Sassuolo,AC Milan,2,3
264,Serie A,Italy,2018/2019,2019-01-01,Sassuolo,Inter Milan,0,0
265,Serie A,Italy,2018/2019,2019-03-23,Sassuolo,Roma,2,2
266,Serie A,Italy,2018/2019,2019-01-09,Sassuolo,Napoli,5,0
267,Serie A,Italy,2018/2019,2018-09-07,Sassuolo,Lazio,0,3
268,Serie A,Italy,2018/2019,2018-08-05,Sassuolo,Atalanta,0,0
269,Serie A,Italy,2018/2019,2019-03-23,Sassuolo,Fiorentina,2,1
270,Serie A,Italy,2018/2019,2018-09-21,Sassuolo,Torino,1,1
271,Bundesliga,Germany,2018/2019,2018-09-07,Bayern Munich,Borussia Dortmund,1,0
272,Bundesliga,Germany,2018/2019,2018-11-18,Bayern Munich,RB Leipzig,1,1
273,Bundesliga,Germany,2018/2019,2019-04-17,Bayern Munich,Bayer Leverkusen,3,1
274,Bundesliga,Germany,2018/2019,2018-12-14,Bayern Munich,Wolfsburg,2,2
275,Bundesliga,Germany,2018/2019,2018-10-07,Bayern Munich,Eintracht Frankfurt,1,1
276,Bundesliga,Germany,2018/2019,2019-01-26,Bayern Munich,Borussia Monchengladbach,0,1
277,Bundesliga,Germany,2018/2019,2018-09-05,Bayern Munich,Stuttgart,0,1
278,Bundesliga,Germany,2018/2019,2018-12-04,Bayern Munich,Hoffenheim,3,0
279,Bundesliga,Germany,2018/2019,2019-02-06,Bayern Munich,Mainz,0,2
280,Bundesliga,Germany,2018/2019,2018-12-24,Borussia Dortmund,Bayern Munich,1,3
281,Bundesliga,Germany,2018/2019,2018-10-20,Borussia Dortmund,RB Leipzig,2,0
282,Bundesliga,Germany,2018/2019,2019-03-13,Borussia Dortmund,Bayer Leverkusen,3,2
283,Bundesliga,Germany,2018/2019,2019-01-02,Borussia Dortmund,Wolfsburg,0,0
284,Bundesliga,Germany,2018/2019,2019-04-28,Borussia Dortmund,Eintracht Frankfurt,1,1
285,Bundesliga,Germany,2018/2019,2018-08-05,Borussia Dortmund,Borussia Monchengladbach,2,2
286,Bundesliga,Germany,2018/2019,2019-01-01,Borussia Dortmund,Stuttgart,2,3
287,Bundesliga,Germany,2018/2019,2018-09-23,Borussia Dortmund,Hoffenheim,1,0
288,Bundesliga,Germany,2018/2019,2018-10-08,Borussia Dortmund,Mainz,1,3
289,Bundesliga,Germany,2018/2019,2018-12-14,RB Leipzig,Bayern Munich,1,1
290,Bundesliga,Germany,2018/2019,2018-09-29,RB Leipzig,Borussia Dortmund,2,3
291,Bundesliga,Germany,2018/2019,2018-09-24,RB Leipzig,Bayer Leverkusen,1,2
292,Bundesliga,Germany,2018/2019,2018-10-19,RB Leipzig,Wolfsburg,3,2
293,Bundesliga,Germany,2018/2019,2018-12-18,RB Leipzig,Eintracht Frankfurt,2,2
294,Bundesliga,Germany,2018/2019,2018-12-23,RB Leipzig,Borussia Monchengladbach,2,1
295,Bundesliga,Germany,2018/2019,2018-11-16,RB Leipzig,Stuttgart,0,2
296,Bundesliga,Germany,2018/2019,2019-01-23,RB Leipzig,Hoffenheim,1,1
297,Bundesliga,Germany,2018/2019,2018-11-13,RB Leipzig,Mainz,2,0
298,Bundesliga,Germany,2018/2019,2018-12-14,Bayer Leverkusen,Bayern Munich,0,1
299,Bundesliga,Germany,2018/2019,2019-04-16,Bayer Leverkusen,Borussia Dortmund,2,2
300,Bundesliga,Germany,2018/2019,2019-04-08,Bayer Leverkusen,RB Leipzig,0,0
301,Bundesliga,Germany,2018/2019,2018-12-07,Bayer Leverkusen,Wolfsburg,3,3
302,Bundesliga,Germany,2018/2019,2018-08-27,Bayer Leverkusen,Eintracht Frankfurt,0,0
303,Bundesliga,Germany,2018/2019,2018-09-17,Bayer Leverkusen,Borussia Monchengladbach,0,2
304,Bundesliga,Germany,2018/2019,2019-03-05,Bayer Leverkusen,Stuttgart,0,2
305,Bundesliga,Germany,2018/2019,2018-12-20,Bayer Leverkusen,Hoffenheim,1,0
306,Bundesliga,Germany,2018/2019,2018-08-23,Bayer Leverkusen,Mainz,2,3
307,Bundesliga,Germany,2018/2019,2018-08-02,Wolfsburg,Bayern Munich,2,0
308,Bundesliga,Germany,2018/2019,2019-01-18,Wolfsburg,Borussia Dortmund,0,1
309,Bundesliga,Germany,2018/2019,2018-10-06,Wolfsburg,RB Leipzig,0,2
310,Bundesliga,Germany,2018/2019,2018-12-13,Wolfsburg,Bayer Leverkusen,3,4
311,Bundesliga,Germany,2018/2019,2018-10-22,Wolfsburg,Eintracht Frankfurt,3,3
312,Bundesliga,Germany,2018/2019,2019-03-15,Wolfsburg,Borussia Monchengladbach,2,0
313,Bundesliga,Germany,2018/2019,2019-03-07,Wolfsburg,Stuttgart,2,3
314,Bundesliga,Germany,2018/2019,2018-08-05,Wolfsburg,Hoffenheim,3,1
315,Bundesliga,Germany,2018/2019,2018-09-27,Wolfsburg,Mainz,3,1
316,Bundesliga,Germany,2018/2019,2018-09-08,Eintracht Frankfurt,Bayern Munich,1,1
317,Bundesliga,Germany,2018/2019,2018-10-16,Eintracht Frankfurt,Borussia Dortmund,2,1
318,Bundesliga,Germany,2018/2019,2018-08-19,Eintracht Frankfurt,RB Leipzig,1,0
319,Bundesliga,Germany,2018/2019,2019-02-06,Eintracht Frankfurt,Bayer Leverkusen,3,2
320,Bundesliga,Germany,2018/2019,2018-10-15,Eintracht Frankfurt,Wolfsburg,1,1
321,Bundesliga,Germany,2018/2019,2019-03-09,Eintracht Frankfurt,Borussia Monchengladbach,2,3
322,Bundesliga,Germany,2018/2019,2018-10-05,Eintracht Frankfurt,Stuttgart,1,0
323,Bundesliga,Germany,2018/2019,2018-08-22,Eintracht Frankfurt,Hoffenheim,0,2
324,Bundesliga,Germany,2018/2019,2019-01-05,Eintracht Frankfurt,Mainz,1,2
325,Bundesliga,Germany,2018/2019,2019-02-03,Borussia Monchengladbach,Bayern Munich,1,0
326,Bundesliga,Germany,2018/2019,2018-08-21,Borussia Monchengladbach,Borussia Dortmund,2,1
327,Bundesliga,Germany,2018/2019,2019-01-31,Borussia Monchengladbach,RB Leipzig,1,1
328,Bundesliga,Germany,2018/2019,2018-11-16,Borussia Monchengladbach,Bayer Leverkusen,0,1
329,Bundesliga,Germany,2018/2019,2018-12-06,Borussia Monchengladbach,Wolfsburg,2,1
330,Bundesliga,Germany,2018/2019,2018-09-22,Borussia Monchengladbach,Eintracht Frankfurt,3,0
331,Bundesliga,Germany,2018/2019,2019-01-29,Borussia Monchengladbach,Stuttgart,5,0
332,Bundesliga,Germany,2018/2019,2019-02-25,Borussia Monchengladbach,Hoffenheim,2,2
333,Bundesliga,Germany,2018/2019,2018-10-19,Borussia Monchengladbach,Mainz,1,2
334,Bundesliga,Germany,2018/2019,2018-11-30,Stuttgart,Bayern Munich,0,1
335,Bundesliga,Germany,2018/2019,2018-10-23,Stuttgart,Borussia Dortmund,1,2
336,Bundesliga,Germany,2018/2019,2018-10-30,Stuttgart,RB Leipzig,0,0
337,Bundesliga,Germany,2018/2019,2019-02-28,Stuttgart,Bayer Leverkusen,2,0
338,Bundesliga,Germany,2018/2019,2018-08-13,Stuttgart,Wolfsburg,2,1
339,Bundesliga,Germany,2018/2019,2018-10-31,Stuttgart,Eintracht Frankfurt,2,3
340,Bundesliga,Germany,2018/2019,2019-01-18,Stuttgart,Borussia Monchengladbach,0,2
341,Bundesliga,Germany,2018/2019,2019-02-27,Stuttgart,Hoffenheim,0,0
342,Bundesliga,Germany,2018/2019,2018-12-06,Stuttgart,Mainz,1,1
343,Bundesliga,Germany,2018/2019,2018-12-15,Hoffenheim,Bayern Munich,1,1
344,Bundesliga,Germany,2018/2019,2018-10-21,Hoffenheim,Borussia Dortmund,1,3
345,Bundesliga,Germany,2018/2019,2018-09-25,Hoffenheim,RB Leipzig,1,3
346,Bundesliga,Germany,2018/2019,2019-02-12,Hoffenheim,Bayer Leverkusen,2,2
347,Bundesliga,Germany,2018/2019,2018-08-20,Hoffenheim,Wolfsburg,1,1
348,Bundesliga,Germany,2018/2019,2019-03-29,Hoffenheim,Eintracht Frankfurt,2,3
349,Bundesliga,Germany,2018/2019,2018-11-22,Hoffenheim,Borussia Monchengladbach,1,4
350,Bundesliga,Germany,2018/2019,2018-11-11,Hoffenheim,Stuttgart,1,1
351,Bundesliga,Germany,2018/2019,2019-03-24,Hoffenheim,Mainz,3,1
352,Bundesliga,Germany,2018/2019,2019-01-27,Mainz,Bayern Munich,1,2
353,Bundesliga,Germany,2018/2019,2019-01-04,Mainz,Borussia Dortmund,1,2
354,Bundesliga,Germany,2018/2019,2018-11-25,Mainz,RB Leipzig,3,1
355,Bundesliga,Germany,2018/2019,2018-11-23,Mainz,Bayer Leverkusen,4,1
356,Bundesliga,Germany,2018/2019,2018-08-13,Mainz,Wolfsburg,0,1
357,Bundesliga,Germany,2018/2019,2018-11-07,Mainz,Eintracht Frankfurt,3,1
358,Bundesliga,Germany,2018/2019,2019-02-21,Mainz,Borussia Monchengladbach,4,0
359,Bundesliga,Germany,2018/2019,2019-01-16,Mainz,Stuttgart,1,0
360,Bundesliga,Germany,2018/2019,2018-12-21,Mainz,Hoffenheim,1,0
361,Ligue 1,France,2018/2019,2018-09-05,PSG,Marseille,0,3
362,Ligue 1,France,2018/2019,2018-12-21,PSG,Lyon,1,1
363,Ligue 1,France,2018/2019,2019-01-27,PSG,Monaco,1,2
364,Ligue 1,France,2018/2019,2019-04-18,PSG,Lille,0,2
365,Ligue 1,France,2018/2019,2019-02-21,PSG,Nice,1,2
366,Ligue 1,France,2018/2019,2019-01-17,PSG,Rennes,0,0
367,Ligue 1,France,2018/2019,2018-08-15,PSG,Lens,1,1
368,Ligue 1,France,2018/2019,2018-09-29,PSG,Montpellier,4,2
369,Ligue 1,France,2018/2019,2018-12-12,PSG,Strasbourg,0,2
370,Ligue 1,France,2018/2019,2018-10-31,Marseille,PSG,1,3
371,Ligue 1,France,2018/2019,2018-12-14,Marseille,Lyon,1,0
372,Ligue 1,France,2018/2019,2018-08-20,Marseille,Monaco,1,0
373,Ligue 1,France,2018/2019,2018-09-25,Marseille,Lille,1,0
374,Ligue 1,France,2018/2019,2019-03-11,Marseille,Nice,2,2
375,Ligue 1,France,2018/2019,2019-01-24,Marseille,Rennes,2,0
376,Ligue 1,France,2018/2019,2019-01-08,Marseille,Lens,1,1
377,Ligue 1,France,2018/2019,2019-03-12,Marseille,Montpellier,1,1
378,Ligue 1,France,2018/2019,2019-04-19,Marseille,Strasbourg,4,1
379,Ligue 1,France,2018/2019,2018-09-29,Lyon,PSG,1,0
380,Ligue 1,France,2018/2019,2019-02-14,Lyon,Marseille,3,3
381,Ligue 1,France,2018/2019,2018-11-06,Lyon,Monaco,1,2
382,Ligue 1,France,2018/2019,2018-12-09,Lyon,Lille,0,0
383,Ligue 1,France,2018/2019,2018-08-23,Lyon,Nice,1,0
384,Ligue 1,France,2018/2019,2019-03-12,Lyon,Rennes,0,2
385,Ligue 1,France,2018/2019,2018-08-01,Lyon,Lens,1,2
386,Ligue 1,France,2018/2019,2019-04-24,Lyon,Montpellier,0,0
387,Ligue 1,France,2018/2019,2018-11-09,Lyon,Strasbourg,2,0
388,Ligue 1,France,2018/2019,2019-02-03,Monaco,PSG,0,1
389,Ligue 1,France,2018/2019,2019-03-09,Monaco,Marseille,2,0
390,Ligue 1,France,2018/2019,2018-09-05,Monaco,Lyon,0,3
391,Ligue 1,France,2018/2019,2019-01-17,Monaco,Lille,0,2
392,Ligue 1,France,2018/2019,2019-01-08,Monaco,Nice,4,1
393,Ligue 1,France,2018/2019,2018-10-03,Monaco,Rennes,2,1
394,Ligue 1,France,2018/2019,2019-01-01,Monaco,Lens,3,0
395,Ligue 1,France,2018/2019,2019-04-17,Monaco,Montpellier,0,2
396,Ligue 1,France,2018/2019,2019-01-06,Monaco,Strasbourg,4,2
397,Ligue 1,France,2018/2019,2019-02-26,Lille,PSG,3,3
398,Ligue 1,France,2018/2019,2019-01-15,Lille,Marseille,0,0
399,Ligue 1,France,2018/2019,2019-02-23,Lille,Lyon,2,3
400,Ligue 1,France,2018/2019,2018-12-30,Lille,Monaco,2,3
401,Ligue 1,France,2018/2019,2018-10-05,Lille,Nice,1,1
402,Ligue 1,France,2018/2019,2018-11-07,Lille,Rennes,1,1
403,Ligue 1,France,2018/2019,2019-03-04,Lille,Lens,2,2
404,Ligue 1,France,2018/2019,2019-02-11,Lille,Montpellier,0,1
405,Ligue 1,France,2018/2019,2018-10-29,Lille,Strasbourg,1,1
406,Ligue 1,France,2018/2019,2019-01-02,Nice,PSG,1,2
407,Ligue 1,France,2018/2019,2019-02-24,Nice,Marseille,0,1
408,Ligue 1,France,2018/2019,2018-08-01,Nice,Lyon,2,3
409,Ligue 1,France,2018/2019,2019-01-03,Nice,Monaco,2,1
410,Ligue 1,France,2018/2019,2018-12-25,Nice,Lille,1,1
411,Ligue 1,France,2018/2019,2018-11-16,Nice,Rennes,1,2
412,Ligue 1,France,2018/2019,2019-03-09,Nice,Lens,3,2
413,Ligue 1,France,2018/2019,2019-01-12,Nice,Montpellier,0,1
414,Ligue 1,France,2018/2019,2019-03-27,Nice,Strasbourg,3,0
415,Ligue 1,France,2018/2019,2019-03-15,Rennes,PSG,1,0
416,Ligue 1,France,2018/2019,2019-03-15,Rennes,Marseille,0,4
417,Ligue 1,France,2018/2019,2018-11-18,Rennes,Lyon,2,0
418,Ligue 1,France,2018/2019,2019-04-19,Rennes,Monaco,2,2
419,Ligue 1,France,2018/2019,2019-03-31,Rennes,Lille,1,0
420,Ligue 1,France,2018/2019,2018-10-26,Rennes,Nice,0,1
421,Ligue 1,France,2018/2019,2018-09-13,Rennes,Lens,1,1
422,Ligue 1,France,2018/2019,2018-12-24,Rennes,Montpellier,3,2
423,Ligue 1,France,2018/2019,2019-04-21,Rennes,Strasbourg,0,0
424,Ligue 1,France,2018/2019,2019-01-19,Lens,PSG,2,2
425,Ligue 1,France,2018/2019,2018-09-17,Lens,Marseille,1,3
426,Ligue 1,France,2018/2019,2018-11-29,Lens,Lyon,0,0
427,Ligue 1,France,2018/2019,2019-01-06,Lens,Monaco,1,1
428,Ligue 1,France,2018/2019,2018-11-24,Lens,Lille,1,2
429,Ligue 1,France,2018/2019,2018-11-10,Lens,Nice,1,0
430,Ligue 1,France,2018/2019,2018-10-15,Lens,Rennes,1,1
431,Ligue 1,France,2018/2019,2018-08-13,Lens,Montpellier,2,4
432,Ligue 1,France,2018/2019,2018-08-24,Lens,Strasbourg,1,2
433,Ligue 1,France,2018/2019,2018-12-04,Montpellier,PSG,1,1
434,Ligue 1,France,2018/2019,2019-04-01,Montpellier,Marseille,2,0
435,Ligue 1,France,2018/2019,2018-09-07,Montpellier,Lyon,0,0
436,Ligue 1,France,2018/2019,2019-03-22,Montpellier,Monaco,1,1
437,Ligue 1,France,2018/2019,2019-03-01,Montpellier,Lille,0,2
438,Ligue 1,France,2018/2019,2018-11-08,Montpellier,Nice,2,1
439,Ligue 1,France,2018/2019,2019-02-13,Montpellier,Rennes,0,3
440,Ligue 1,France,2018/2019,2019-04-11,Montpellier,Lens,2,0
441,Ligue 1,France,2018/2019,2019-02-21,Montpellier,Strasbourg,2,0
442,Ligue 1,France,2018/2019,2018-12-03,Strasbourg,PSG,1,0
443,Ligue 1,France,2018/2019,2018-10-15,Strasbourg,Marseille,0,1
444,Ligue 1,France,2018/2019,2018-08-03,Strasbourg,Lyon,1,3
445,Ligue 1,France,2018/2019,2018-09-24,Strasbourg,Monaco,3,0
446,Ligue 1,France,2018/2019,2019-03-06,Strasbourg,Lille,3,0
447,Ligue 1,France,2018/2019,2018-11-21,Strasbourg,Nice,2,2
448,Ligue 1,France,2018/2019,2018-10-30,Strasbourg,Rennes,1,2
449,Ligue 1,France,2018/2019,2019-04-23,Strasbourg,Lens,3,0
450,Ligue 1,France,2018/2019,2019-03-26,Strasbourg,Montpellier,2,2
451,Premier League,England,2019/2020,2019-08-26,Manchester United,Liverpool,1,0
452,Premier League,England,2019/2020,2019-12-06,Manchester United,Chelsea,0,2
453,Premier League,England,2019/2020,2019-10-02,Manchester United,Arsenal,2,4
454,Premier League,England,2019/2020,2020-03-21,Manchester United,Manchester City,3,2
455,Premier League,England,2019/2020,2019-10-08,Manchester United,Tottenham,0,1
456,Premier League,England,2019/2020,2020-03-25,Manchester United,Everton,2,1
457,Premier League,England,2019/2020,2020-01-10,Manchester United,Leicester City,4,2
458,Premier League,England,2019/2020,2020-03-14,Manchester United,West Ham,1,1
459,Premier League,England,2019/2020,2020-04-15,Manchester United,Newcastle,0,2
460,Premier League,England,2019/2020,2020-03-06,Liverpool,Manchester United,1,1
461,Premier League,England,2019/2020,2020-03-16,Liverpool,Chelsea,3,3
462,Premier League,England,2019/2020,2019-10-21,Liverpool,Arsenal,0,1
463,Premier League,England,2019/2020,2020-03-31,Liverpool,Manchester City,1,0
464,Premier League,England,2019/2020,2020-03-18,Liverpool,Tottenham,1,1
465,Premier League,England,2019/2020,2019-12-11,Liverpool,Everton,3,0
466,Premier League,England,2019/2020,2019-12-05,Liverpool,Leicester City,0,1
467,Premier League,England,2019/2020,2019-12-20,Liverpool,West Ham,5,3
468,Premier League,England,2019/2020,2020-04-23,Liverpool,Newcastle,1,2
469,Premier League,England,2019/2020,2020-04-05,Chelsea,Manchester United,1,1
470,Premier League,England,2019/2020,2019-12-01,Chelsea,Liverpool,2,1
471,Premier League,England,2019/2020,2019-12-19,Chelsea,Arsenal,3,2
472,Premier League,England,2019/2020,2020-03-13,Chelsea,Manchester City,2,0
473,Premier League,England,2019/2020,2019-09-09,Chelsea,Tottenham,2,0
474,Premier League,England,2019/2020,2019-12-25,Chelsea,Everton,0,1
475,Premier League,England,2019/2020,2019-11-29,Chelsea,Leicester City,1,0
476,Premier League,England,2019/2020,2019-12-18,Chelsea,West Ham,1,4
477,Premier League,England,2019/2020,2020-01-19,Chelsea,Newcastle,0,0
478,Premier League,England,2019/2020,2020-01-11,Arsenal,Manchester United,1,0
479,Premier League,England,2019/2020,2019-09-11,Arsenal,Liverpool,4,2
480,Premier League,England,2019/2020,2019-10-10,Arsenal,Chelsea,0,4
481,Premier League,England,2019/2020,2019-10-17,Arsenal,Manchester City,1,1
482,Premier League,England,2019/2020,2019-11-27,Arsenal,Tottenham,3,2
483,Premier League,England,2019/2020,2020-02-13,Arsenal,Everton,1,1
484,Premier League,England,2019/2020,2019-10-18,Arsenal,Leicester City,1,3
485,Premier League,England,2019/2020,2019-11-18,Arsenal,West Ham,2,0
486,Premier League,England,2019/2020,2019-09-02,Arsenal,Newcastle,1,0
487,Premier League,England,2019/2020,2020-02-29,Manchester City,Manchester United,0,0
488,Premier League,England,2019/2020,2020-02-25,Manchester City,Liverpool,2,0
489,Premier League,England,2019/2020,2020-01-17,Manchester City,Chelsea,1,0
490,Premier League,England,2019/2020,2020-03-26,Manchester City,Arsenal,1,0
491,Premier League,England,2019/2020,2020-02-29,Manchester City,Tottenham,0,0
492,Premier League,England,2019/2020,2019-09-01,Manchester City,Everton,0,1
493,Premier League,England,2019/2020,2019-11-14,Manchester City,Leicester City,2,2
494,Premier League,England,2019/2020,2020-03-03,Manchester City,West Ham,1,1
495,Premier League,England,2019/2020,2020-02-16,Manchester City,Newcastle,4,0
496,Premier League,England,2019/2020,2019-08-11,Tottenham,Manchester United,1,2
497,Premier League,England,2019/2020,2020-02-11,Tottenham,Liverpool,1,3
498,Premier League,England,2019/2020,2020-04-01,Tottenham,Chelsea,1,0
499,Premier League,England,2019/2020,2019-08-04,Tottenham,Arsenal,0,2
500,Premier League,England,2019/2020,2020-01-28,Tottenham,Manchester City,1,1
501,Premier League,England,2019/2020,2019-12-31,Tottenham,Everton,2,0
502,Premier League,England,2019/2020,2020-02-16,Tottenham,Leicester City,3,1
503,Premier League,England,2019/2020,2020-03-02,Tottenham,West Ham,0,4
504,Premier League,England,2019/2020,2019-11-21,Tottenham,Newcastle,0,1
505,Premier League,England,2019/2020,2020-04-06,Everton,Manchester United,1,0
506,Premier League,England,2019/2020,2019-11-21,Everton,Liverpool,1,1
507,Premier League,England,2019/2020,2019-12-18,Everton,Chelsea,0,0
508,Premier League,England,2019/2020,2020-03-11,Everton,Arsenal,1,3
509,Premier League,England,2019/2020,2020-04-05,Everton,Manchester City,2,1
510,Premier League,England,2019/2020,2019-08-15,Everton,Tottenham,5,1
511,Premier League,England,2019/2020,2020-02-16,Everton,Leicester City,1,2
512,Premier League,England,2019/2020,2020-01-20,Everton,West Ham,0,1
513,Premier League,England,2019/2020,2020-02-24,Everton,Newcastle,2,0
514,Premier League,England,2019/2020,2019-10-24,Leicester City,Manchester United,2,0
515,Premier League,England,2019/2020,2020-03-27,Leicester City,Liverpool,1,2
516,Premier League,England,2019/2020,2019-10-05,Leicester City,Chelsea,0,3
517,Premier League,England,2019/2020,2019-08-14,Leicester City,Arsenal,1,2
518,Premier League,England,2019/2020,2020-02-18,Leicester City,Manchester City,0,0
519,Premier League,England,2019/2020,2019-08-14,Leicester City,Tottenham,1,0
520,Premier League,England,2019/2020,2019-09-12,Leicester City,Everton,2,1
521,Premier League,England,2019/2020,2020-03-07,Leicester City,West Ham,3,2
522,Premier League,England,2019/2020,2019-10-09,Leicester City,Newcastle,2,1
523,Premier League,England,2019/2020,2020-03-24,West Ham,Manchester United,0,1
524,Premier League,England,2019/2020,2019-11-02,West Ham,Liverpool,3,0
525,Premier League,England,2019/2020,2019-08-26,West Ham,Chelsea,0,0
526,Premier League,England,2019/2020,2019-12-12,West Ham,Arsenal,1,2
527,Premier League,England,2019/2020,2020-02-11,West Ham,Manchester City,1,1
528,Premier League,England,2019/2020,2020-01-15,West Ham,Tottenham,1,4
529,Premier League,England,2019/2020,2019-11-17,West Ham,Everton,0,1
530,Premier League,England,2019/2020,2020-03-20,West Ham,Leicester City,2,4
531,Premier League,England,2019/2020,2020-01-15,West Ham,Newcastle,0,1
532,Premier League,England,2019/2020,2020-01-20,Newcastle,Manchester United,1,2
533,Premier League,England,2019/2020,2020-02-11,Newcastle,Liverpool,2,2
534,Premier League,England,2019/2020,2019-12-21,Newcastle,Chelsea,1,1
535,Premier League,England,2019/2020,2020-03-03,Newcastle,Arsenal,2,3
536,Premier League,England,2019/2020,2019-12-08,Newcastle,Manchester City,3,0
537,Premier League,England,2019/2020,2019-09-11,Newcastle,Tottenham,4,2
538,Premier League,England,2019/2020,2020-03-28,Newcastle,Everton,2,2
539,Premier League,England,2019/2020,2019-08-10,Newcastle,Leicester City,1,0
540,Premier League,England,2019/2020,2019-08-27,Newcastle,West Ham,2,0
541,La Liga,Spain,2019/2020,2020-01-27,Real Madrid,Barcelona,1,3
542,La Liga,Spain,2019/2020,2019-11-23,Real Madrid,Atletico Madrid,0,3
543,La Liga,Spain,2019/2020,2019-09-05,Real Madrid,Sevilla,5,0
544,La Liga,Spain,2019/2020,2019-08-21,Real Madrid,Valencia,1,1
545,La Liga,Spain,2019/2020,2019-08-16,Real Madrid,Villarreal,0,1
546,La Liga,Spain,2019/2020,2019-12-05,Real Madrid,Real Sociedad,2,2
547,La Liga,Spain,2019/2020,2019-11-11,Real Madrid,Athletic Bilbao,0,2
548,La Liga,Spain,2019/2020,2019-08-11,Real Madrid,Real Betis,0,0
549,La Liga,Spain,2019/2020,2019-10-18,Real Madrid,Getafe,1,0
550,La Liga,Spain,2019/2020,2019-12-01,Barcelona,Real Madrid,2,2
551,La Liga,Spain,2019/2020,2019-10-04,Barcelona,Atletico Madrid,1,3
552,La Liga,Spain,2019/2020,2020-03-30,Barcelona,Sevilla,1,2
553,La Liga,Spain,2019/2020,2019-09-28,Barcelona,Valencia,2,1
554,La Liga,Spain,2019/2020,2019-11-20,Barcelona,Villarreal,4,0
555,La Liga,Spain,2019/2020,2020-03-26,Barcelona,Real Sociedad,1,1
556,La Liga,Spain,2019/2020,2019-12-10,Barcelona,Athletic Bilbao,0,1
557,La Liga,Spain,2019/2020,2020-02-05,Barcelona,Real Betis,2,1
558,La Liga,Spain,2019/2020,2019-10-25,Barcelona,Getafe,1,0
559,La Liga,Spain,2019/2020,2019-09-28,Atletico Madrid,Real Madrid,1,0
560,La Liga,Spain,2019/2020,2019-10-23,Atletico Madrid,Barcelona,2,1
561,La Liga,Spain,2019/2020,2020-01-07,Atletico Madrid,Sevilla,2,3
562,La Liga,Spain,2019/2020,2019-09-25,Atletico Madrid,Valencia,1,2
563,La Liga,Spain,2019/2020,2019-08-14,Atletico Madrid,Villarreal,2,0
564,La Liga,Spain,2019/2020,2020-01-07,Atletico Madrid,Real Sociedad,6,0
565,La Liga,Spain,2019/2020,2020-02-09,Atletico Madrid,Athletic Bilbao,2,2
566,La Liga,Spain,2019/2020,2020-02-20,Atletico Madrid,Real Betis,1,0
567,La Liga,Spain,2019/2020,2019-11-10,Atletico Madrid,Getafe,1,0
568,La Liga,Spain,2019/2020,2019-09-08,Sevilla,Real Madrid,4,2
569,La Liga,Spain,2019/2020,2019-12-03,Sevilla,Barcelona,0,2
570,La Liga,Spain,2019/2020,2019-09-22,Sevilla,Atletico Madrid,0,2
571,La Liga,Spain,2019/2020,2020-01-02,Sevilla,Valencia,2,0
572,La Liga,Spain,2019/2020,2019-10-01,Sevilla,Villarreal,2,0
573,La Liga,Spain,2019/2020,2019-08-22,Sevilla,Real Sociedad,0,1
574,La Liga,Spain,2019/2020,2020-01-25,Sevilla,Athletic Bilbao,1,1
575,La Liga,Spain,2019/2020,2020-03-07,Sevilla,Real Betis,0,0
576,La Liga,Spain,2019/2020,2020-02-06,Sevilla,Getafe,1,1
577,La Liga,Spain,2019/2020,2019-09-05,Valencia,Real Madrid,1,2
578,La Liga,Spain,2019/2020,2020-04-16,Valencia,Barcelona,1,4
579,La Liga,Spain,2019/2020,2020-01-22,Valencia,Atletico Madrid,0,2
580,La Liga,Spain,2019/2020,2019-08-07,Valencia,Sevilla,1,0
581,La Liga,Spain,2019/2020,2020-03-03,Valencia,Villarreal,2,1
582,La Liga,Spain,2019/2020,2020-04-07,Valencia,Real Sociedad,1,2
583,La Liga,Spain,2019/2020,2019-09-24,Valencia,Athletic Bilbao,4,1
584,La Liga,Spain,2019/2020,2020-03-09,Valencia,Real Betis,1,2
585,La Liga,Spain,2019/2020,2020-02-02,Valencia,Getafe,0,6
586,La Liga,Spain,2019/2020,2020-03-23,Villarreal,Real Madrid,1,0
587,La Liga,Spain,2019/2020,2019-10-18,Villarreal,Barcelona,0,2
588,La Liga,Spain,2019/2020,2020-03-10,Villarreal,Atletico Madrid,0,2
589,La Liga,Spain,2019/2020,2019-10-30,Villarreal,Sevilla,1,2
590,La Liga,Spain,2019/2020,2020-04-24,Villarreal,Valencia,3,0
591,La Liga,Spain,2019/2020,2019-12-17,Villarreal,Real Sociedad,0,1
592,La Liga,Spain,2019/2020,2020-04-04,Villarreal,Athletic Bilbao,0,2
593,La Liga,Spain,2019/2020,2020-03-26,Villarreal,Real Betis,2,0
594,La Liga,Spain,2019/2020,2020-03-11,Villarreal,Getafe,2,1
595,La Liga,Spain,2019/2020,2019-12-16,Real Sociedad,Real Madrid,0,1
596,La Liga,Spain,2019/2020,2020-01-13,Real Sociedad,Barcelona,0,4
597,La Liga,Spain,2019/2020,2019-12-04,Real Sociedad,Atletico Madrid,1,5
598,La Liga,Spain,2019/2020,2019-09-14,Real Sociedad,Sevilla,2,2
599,La Liga,Spain,2019/2020,2019-12-21,Real Sociedad,Valencia,7,2
600,La Liga,Spain,2019/2020,2020-03-18,Real Sociedad,Villarreal,2,2
601,La Liga,Spain,2019/2020,2019-12-03,Real Sociedad,Athletic Bilbao,0,0
602,La Liga,Spain,2019/2020,2020-03-25,Real Sociedad,Real Betis,2,1
603,La Liga,Spain,2019/2020,2020-02-11,Real Sociedad,Getafe,2,0
604,La Liga,Spain,2019/2020,2020-01-20,Athletic Bilbao,Real Madrid,1,2
605,La Liga,Spain,2019/2020,2019-08-15,Athletic Bilbao,Barcelona,1,2
606,La Liga,Spain,2019/2020,2020-04-10,Athletic Bilbao,Atletico Madrid,2,4
607,La Liga,Spain,2019/2020,2020-01-14,Athletic Bilbao,Sevilla,1,1
608,La Liga,Spain,2019/2020,2019-11-02,Athletic Bilbao,Valencia,1,0
609,La Liga,Spain,2019/2020,2020-04-06,Athletic Bilbao,Villarreal,1,1
610,La Liga,Spain,2019/2020,2019-11-17,Athletic Bilbao,Real Sociedad,0,0
611,La Liga,Spain,2019/2020,2020-01-29,Athletic Bilbao,Real Betis,0,1
612,La Liga,Spain,2019/2020,2019-12-11,Athletic Bilbao,Getafe,3,2
613,La Liga,Spain,2019/2020,2020-01-22,Real Betis,Real Madrid,4,2
614,La Liga,Spain,2019/2020,2019-12-22,Real Betis,Barcelona,0,1
615,La Liga,Spain,2019/2020,2019-12-20,Real Betis,Atletico Madrid,2,0
616,La Liga,Spain,2019/2020,2019-08-06,Real Betis,Sevilla,0,2
617,La Liga,Spain,2019/2020,2020-04-21,Real Betis,Valencia,3,2
618,La Liga,Spain,2019/2020,2019-11-06,Real Betis,Villarreal,2,1
619,La Liga,Spain,2019/2020,2019-09-13,Real Betis,Real Sociedad,0,1
620,La Liga,Spain,2019/2020,2019-12-02,Real Betis,Athletic Bilbao,1,0
621,La Liga,Spain,2019/2020,2020-02-25,Real Betis,Getafe,1,1
622,La Liga,Spain,2019/2020,2020-04-07,Getafe,Real Madrid,1,2
623,La Liga,Spain,2019/2020,2019-12-02,Getafe,Barcelona,3,1
624,La Liga,Spain,2019/2020,2020-03-31,Getafe,Atletico Madrid,2,2
625,La Liga,Spain,2019/2020,2020-04-08,Getafe,Sevilla,3,1
626,La Liga,Spain,2019/2020,2020-03-17,Getafe,Valencia,2,3
627,La Liga,Spain,2019/2020,2019-08-09,Getafe,Villarreal,1,0
628,La Liga,Spain,2019/2020,2019-09-17,Getafe,Real Sociedad,2,1
629,La Liga,Spain,2019/2020,2019-12-29,Getafe,Athletic Bilbao,3,3
630,La Liga,Spain,2019/2020,2019-11-22,Getafe,Real Betis,2,1
631,Serie A,Italy,2019/2020,2020-02-24,Juventus,AC Milan,1,4
632,Serie A,Italy,2019/2020,2019-12-03,Juventus,Inter Milan,2,0
633,Serie A,Italy,2019/2020,2020-01-04,Juventus,Roma,2,0
634,Serie A,Italy,2019/2020,2020-02-05,Juventus,Napoli,1,2
635,Serie A,Italy,2019/2020,2020-03-30,Juventus,Lazio,1,3
636,Serie A,Italy,2019/2020,2020-01-24,Juventus,Atalanta,3,2
637,Serie A,Italy,2019/2020,2020-03-05,Juventus,Fiorentina,0,1
638,Serie A,Italy,2019/2020,2020-01-17,Juventus,Torino,1,3
639,Serie A,Italy,2019/2020,2020-01-28,Juventus,Sassuolo,4,1
640,Serie A,Italy,2019/2020,2020-03-20,AC Milan,Juventus,1,1
641,Serie A,Italy,2019/2020,2019-12-17,AC Milan,Inter Milan,1,1
642,Serie A,Italy,2019/2020,2020-01-04,AC Milan,Roma,0,1
643,Serie A,Italy,2019/2020,2019-12-07,AC Milan,Napoli,2,0
644,Serie A,Italy,2019/2020,2019-11-27,AC Milan,Lazio,3,1
645,Serie A,Italy,2019/2020,2019-10-01,AC Milan,Atalanta,2,0
646,Serie A,Italy,2019/2020,2019-11-07,AC Milan,Fiorentina,1,1
647,Serie A,Italy,2019/2020,2020-01-09,AC Milan,Torino,1,1
648,Serie A,Italy,2019/2020,2019-10-01,AC Milan,Sassuolo,2,1
649,Serie A,Italy,2019/2020,2019-11-03,Inter Milan,Juventus,1,0
650,Serie A,Italy,2019/2020,2019-11-07,Inter Milan,AC Milan,1,0
651,Serie A,Italy,2019/2020,2019-11-19,Inter Milan,Roma,3,0
652,Serie A,Italy,2019/2020,2020-04-04,Inter Milan,Napoli,2,2
653,Serie A,Italy,2019/2020,2019-12-20,Inter Milan,Lazio,1,1
654,Serie A,Italy,2019/2020,2020-04-25,Inter Milan,Atalanta,3,0
655,Serie A,Italy,2019/2020,2019-12-23,Inter Milan,Fiorentina,3,0
656,Serie A,Italy,2019/2020,2019-09-21,Inter Milan,Torino,3,2
657,Serie A,Italy,2019/2020,2019-11-08,Inter Milan,Sassuolo,1,1
658,Serie A,Italy,2019/2020,2019-12-30,Roma,Juventus,2,1
659,Serie A,Italy,2019/2020,2019-11-25,Roma,AC Milan,2,0
660,Serie A,Italy,2019/2020,2020-02-01,Roma,Inter Milan,1,2
661,Serie A,Italy,2019/2020,2019-10-31,Roma,Napoli,1,1
662,Serie A,Italy,2019/2020,2020-01-02,Roma,Lazio,3,1
663,Serie A,Italy,2019/2020,2019-08-08,Roma,Atalanta,0,2
664,Serie A,Italy,2019/2020,2019-10-04,Roma,Fiorentina,1,0
665,Serie A,Italy,2019/2020,2019-12-19,Roma,Torino,1,2
666,Serie A,Italy,2019/2020,2019-08-24,Roma,Sassuolo,1,5
667,Serie A,Italy,2019/2020,2019-08-28,Napoli,Juventus,0,3
668,Serie A,Italy,2019/2020,2019-12-28,Napoli,AC Milan,0,2
669,Serie A,Italy,2019/2020,2019-10-04,Napoli,Inter Milan,1,2
670,Serie A,Italy,2019/2020,2020-04-08,Napoli,Roma,3,2
671,Serie A,Italy,2019/2020,2019-09-22,Napoli,Lazio,2,1
672,Serie A,Italy,2019/2020,2019-08-07,Napoli,Atalanta,1,0
673,Serie A,Italy,2019/2020,2019-12-24,Napoli,Fiorentina,1,2
674,Serie A,Italy,2019/2020,2020-03-28,Napoli,Torino,2,0
675,Serie A,Italy,2019/2020,2020-04-02,Napoli,Sassuolo,0,0
676,Serie A,Italy,2019/2020,2020-03-13,Lazio,Juventus,0,0
677,Serie A,Italy,2019/2020,2020-01-22,Lazio,AC Milan,4,0
678,Serie A,Italy,2019/2020,2019-11-03,Lazio,Inter Milan,1,1
679,Serie A,Italy,2019/2020,2019-08-27,Lazio,Roma,1,2
680,Serie A,Italy,2019/2020,2019-12-08,Lazio,Napoli,3,3
681,Serie A,Italy,2019/2020,2020-04-01,Lazio,Atalanta,1,1
682,Serie A,Italy,2019/2020,2019-09-28,Lazio,Fiorentina,5,1
683,Serie A,Italy,2019/2020,2019-09-03,Lazio,Torino,1,1
684,Serie A,Italy,2019/2020,2020-02-22,Lazio,Sassuolo,0,0
685,Serie A,Italy,2019/2020,2020-04-08,Atalanta,Juventus,0,2
686,Serie A,Italy,2019/2020,2019-09-07,Atalanta,AC Milan,0,0
687,Serie A,Italy,2019/2020,2019-08-28,Atalanta,Inter Milan,0,0
688,Serie A,Italy,2019/2020,2019-10-17,Atalanta,Roma,1,1
689,Serie A,Italy,2019/2020,2019-10-16,Atalanta,Napoli,0,2
690,Serie A,Italy,2019/2020,2020-01-03,Atalanta,Lazio,0,1
691,Serie A,Italy,2019/2020,2019-09-13,Atalanta,Fiorentina,0,3
692,Serie A,Italy,2019/2020,2019-12-06,Atalanta,Torino,2,1
693,Serie A,Italy,2019/2020,2019-09-30,Atalanta,Sassuolo,1,2
694,Serie A,Italy,2019/2020,2020-03-01,Fiorentina,Juventus,0,1
695,Serie A,Italy,2019/2020,2019-11-24,Fiorentina,AC Milan,1,1
696,Serie A,Italy,2019/2020,2020-04-24,Fiorentina,Inter Milan,2,1
697,Serie A,Italy,2019/2020,2020-02-11,Fiorentina,Roma,0,1
698,Serie A,Italy,2019/2020,2020-03-18,Fiorentina,Napoli,2,1
699,Serie A,Italy,2019/2020,2020-03-14,Fiorentina,Lazio,0,3
700,Serie A,Italy,2019/2020,2019-12-31,Fiorentina,Atalanta,2,2
701,Serie A,Italy,2019/2020,2020-03-07,Fiorentina,Torino,3,2
702,Serie A,Italy,2019/2020,2020-01-04,Fiorentina,Sassuolo,0,0
703,Serie A,Italy,2019/2020,2019-08-31,Torino,Juventus,2,1
704,Serie A,Italy,2019/2020,2019-09-20,Torino,AC Milan,1,2
705,Serie A,Italy,2019/2020,2019-11-15,Torino,Inter Milan,2,0
706,Serie A,Italy,2019/2020,2019-11-17,Torino,Roma,1,0
707,Serie A,Italy,2019/2020,2019-12-14,Torino,Napoli,1,3
708,Serie A,Italy,2019/2020,2019-09-11,Torino,Lazio,0,2
709,Serie A,Italy,2019/2020,2019-10-20,Torino,Atalanta,3,3
710,Serie A,Italy,2019/2020,2019-12-01,Torino,Fiorentina,2,3
711,Serie A,Italy,2019/2020,2019-10-28,Torino,Sassuolo,0,4
712,Serie A,Italy,2019/2020,2019-09-08,Sassuolo,Juventus,3,0
713,Serie A,Italy,2019/2020,2019-10-20,Sassuolo,AC Milan,2,0
714,Serie A,Italy,2019/2020,2019-08-02,Sassuolo,Inter Milan,1,0
715,Serie A,Italy,2019/2020,2020-02-26,Sassuolo,Roma,2,0
716,Serie A,Italy,2019/2020,2020-03-18,Sassuolo,Napoli,0,1
717,Serie A,Italy,2019/2020,2020-03-28,Sassuolo,Lazio,3,1
718,Serie A,Italy,2019/2020,2019-12-28,Sassuolo,Atalanta,2,0
719,Serie A,Italy,2019/2020,2019-08-17,Sassuolo,Fiorentina,0,1
720,Serie A,Italy,2019/2020,2019-11-27,Sassuolo,Torino,1,4
721,Bundesliga,Germany,2019/2020,2019-12-26,Bayern Munich,Borussia Dortmund,0,1
722,Bundesliga,Germany,2019/2020,2019-12-23,Bayern Munich,RB Leipzig,1,0
723,Bundesliga,Germany,2019/2020,2020-03-20,Bayern Munich,Bayer Leverkusen,0,1
724,Bundesliga,Germany,2019/2020,2019-09-06,Bayern Munich,Wolfsburg,1,1
725,Bundesliga,Germany,2019/2020,2019-11-28,Bayern Munich,Eintracht Frankfurt,5,1
726,Bundesliga,Germany,2019/2020,2019-12-14,Bayern Munich,Borussia Monchengladbach,1,0
727,Bundesliga,Germany,2019/2020,2019-11-10,Bayern Munich,Stuttgart,3,2
728,Bundesliga,Germany,2019/2020,2020-03-05,Bayern Munich,Hoffenheim,0,1
729,Bundesliga,Germany,2019/2020,2019-09-28,Bayern Munich,Mainz,0,1
730,Bundesliga,Germany,2019/2020,2019-11-24,Borussia Dortmund,Bayern Munich,1,1
731,Bundesliga,Germany,2019/2020,2019-10-16,Borussia Dortmund,RB Leipzig,0,3
732,Bundesliga,Germany,2019/2020,2019-12-15,Borussia Dortmund,Bayer Leverkusen,3,2
733,Bundesliga,Germany,2019/2020,2019-10-12,Borussia Dortmund,Wolfsburg,4,0
734,Bundesliga,Germany,2019/2020,2019-09-06,Borussia Dortmund,Eintracht Frankfurt,3,1
735,Bundesliga,Germany,2019/2020,2019-08-31,Borussia Dortmund,Borussia Monchengladbach,5,0
736,Bundesliga,Germany,2019/2020,2019-10-24,Borussia Dortmund,Stuttgart,2,2
737,Bundesliga,Germany,2019/2020,2020-01-05,Borussia Dortmund,Hoffenheim,3,0
738,Bundesliga,Germany,2019/2020,2019-12-26,Borussia Dortmund,Mainz,0,2
739,Bundesliga,Germany,2019/2020,2020-03-12,RB Leipzig,Bayern Munich,2,1
740,Bundesliga,Germany,2019/2020,2019-10-03,RB Leipzig,Borussia Dortmund,0,3
741,Bundesliga,Germany,2019/2020,2020-03-27,RB Leipzig,Bayer Leverkusen,3,1
742,Bundesliga,Germany,2019/2020,2020-01-03,RB Leipzig,Wolfsburg,1,3
743,Bundesliga,Germany,2019/2020,2020-02-23,RB Leipzig,Eintracht Frankfurt,0,0
744,Bundesliga,Germany,2019/2020,2019-12-18,RB Leipzig,Borussia Monchengladbach,1,4
745,Bundesliga,Germany,2019/2020,2020-04-13,RB Leipzig,Stuttgart,2,1
746,Bundesliga,Germany,2019/2020,2020-04-09,RB Leipzig,Hoffenheim,2,3
747,Bundesliga,Germany,2019/2020,2020-03-12,RB Leipzig,Mainz,1,1
748,Bundesliga,Germany,2019/2020,2019-09-11,Bayer Leverkusen,Bayern Munich,4,1
749,Bundesliga,Germany,2019/2020,2019-08-21,Bayer Leverkusen,Borussia Dortmund,0,0
750,Bundesliga,Germany,2019/2020,2020-03-09,Bayer Leverkusen,RB Leipzig,1,0
751,Bundesliga,Germany,2019/2020,2020-01-13,Bayer Leverkusen,Wolfsburg,0,0
752,Bundesliga,Germany,2019/2020,2019-12-07,Bayer Leverkusen,Eintracht Frankfurt,4,1
753,Bundesliga,Germany,2019/2020,2019-08-14,Bayer Leverkusen,Borussia Monchengladbach,1,0
754,Bundesliga,Germany,2019/2020,2019-09-16,Bayer Leverkusen,Stuttgart,1,1
755,Bundesliga,Germany,2019/2020,2019-11-26,Bayer Leverkusen,Hoffenheim,0,1
756,Bundesliga,Germany,2019/2020,2019-08-11,Bayer Leverkusen,Mainz,2,0
757,Bundesliga,Germany,2019/2020,2019-12-16,Wolfsburg,Bayern Munich,1,2
758,Bundesliga,Germany,2019/2020,2019-08-21,Wolfsburg,Borussia Dortmund,2,1
759,Bundesliga,Germany,2019/2020,2019-10-29,Wolfsburg,RB Leipzig,1,1
760,Bundesliga,Germany,2019/2020,2020-03-28,Wolfsburg,Bayer Leverkusen,1,1
761,Bundesliga,Germany,2019/2020,2020-04-22,Wolfsburg,Eintracht Frankfurt,3,1
762,Bundesliga,Germany,2019/2020,2020-03-14,Wolfsburg,Borussia Monchengladbach,4,0
763,Bundesliga,Germany,2019/2020,2019-12-21,Wolfsburg,Stuttgart,2,2
764,Bundesliga,Germany,2019/2020,2019-11-01,Wolfsburg,Hoffenheim,2,2
765,Bundesliga,Germany,2019/2020,2020-03-11,Wolfsburg,Mainz,0,1
766,Bundesliga,Germany,2019/2020,2020-04-08,Eintracht Frankfurt,Bayern Munich,2,1
767,Bundesliga,Germany,2019/2020,2019-09-16,Eintracht Frankfurt,Borussia Dortmund,1,1
768,Bundesliga,Germany,2019/2020,2020-03-28,Eintracht Frankfurt,RB Leipzig,1,0
769,Bundesliga,Germany,2019/2020,2020-01-26,Eintracht Frankfurt,Bayer Leverkusen,0,0
770,Bundesliga,Germany,2019/2020,2020-02-26,Eintracht Frankfurt,Wolfsburg,2,2
771,Bundesliga,Germany,2019/2020,2020-01-18,Eintracht Frankfurt,Borussia Monchengladbach,2,0
772,Bundesliga,Germany,2019/2020,2020-01-12,Eintracht Frankfurt,Stuttgart,3,1
773,Bundesliga,Germany,2019/2020,2019-09-23,Eintracht Frankfurt,Hoffenheim,0,1
774,Bundesliga,Germany,2019/2020,2019-10-22,Eintracht Frankfurt,Mainz,1,4
775,Bundesliga,Germany,2019/2020,2020-01-16,Borussia Monchengladbach,Bayern Munich,1,0
776,Bundesliga,Germany,2019/2020,2020-02-27,Borussia Monchengladbach,Borussia Dortmund,2,0
777,Bundesliga,Germany,2019/2020,2020-04-10,Borussia Monchengladbach,RB Leipzig,0,0
778,Bundesliga,Germany,2019/2020,2019-12-26,Borussia Monchengladbach,Bayer Leverkusen,2,1
779,Bundesliga,Germany,2019/2020,2020-02-22,Borussia Monchengladbach,Wolfsburg,1,3
780,Bundesliga,Germany,2019/2020,2019-08-19,Borussia Monchengladbach,Eintracht Frankfurt,1,0
781,Bundesliga,Germany,2019/2020,2020-03-20,Borussia Monchengladbach,Stuttgart,0,1
782,Bundesliga,Germany,2019/2020,2019-09-15,Borussia Monchengladbach,Hoffenheim,3,0
783,Bundesliga,Germany,2019/2020,2020-01-09,Borussia Monchengladbach,Mainz,0,1
784,Bundesliga,Germany,2019/2020,2019-12-08,Stuttgart,Bayern Munich,1,0
785,Bundesliga,Germany,2019/2020,2020-01-13,Stuttgart,Borussia Dortmund,1,0
786,Bundesliga,Germany,2019/2020,2019-09-29,Stuttgart,RB Leipzig,1,1
787,Bundesliga,Germany,2019/2020,2020-02-23,Stuttgart,Bayer Leverkusen,0,2
788,Bundesliga,Germany,2019/2020,2020-04-20,Stuttgart,Wolfsburg,1,1
789,Bundesliga,Germany,2019/2020,2019-08-01,Stuttgart,Eintracht Frankfurt,3,0
790,Bundesliga,Germany,2019/2020,2020-03-24,Stuttgart,Borussia Monchengladbach,0,3
791,Bundesliga,Germany,2019/2020,2020-02-28,Stuttgart,Hoffenheim,1,3
792,Bundesliga,Germany,2019/2020,2019-08-28,Stuttgart,Mainz,2,4
793,Bundesliga,Germany,2019/2020,2019-11-05,Hoffenheim,Bayern Munich,2,4
794,Bundesliga,Germany,2019/2020,2020-04-22,Hoffenheim,Borussia Dortmund,1,1
795,Bundesliga,Germany,2019/2020,2020-02-02,Hoffenheim,RB Leipzig,3,2
796,Bundesliga,Germany,2019/2020,2020-04-12,Hoffenheim,Bayer Leverkusen,0,0
797,Bundesliga,Germany,2019/2020,2020-03-14,Hoffenheim,Wolfsburg,1,2
798,Bundesliga,Germany,2019/2020,2019-08-27,Hoffenheim,Eintracht Frankfurt,1,3
799,Bundesliga,Germany,2019/2020,2019-11-13,Hoffenheim,Borussia Monchengladbach,3,0
800,Bundesliga,Germany,2019/2020,2019-12-15,Hoffenheim,Stuttgart,0,1
801,Bundesliga,Germany,2019/2020,2019-10-07,Hoffenheim,Mainz,4,1
802,Bundesliga,Germany,2019/2020,2019-12-26,Mainz,Bayern Munich,0,0
803,Bundesliga,Germany,2019/2020,2020-03-12,Mainz,Borussia Dortmund,1,1
804,Bundesliga,Germany,2019/2020,2020-04-05,Mainz,RB Leipzig,2,1
805,Bundesliga,Germany,2019/2020,2019-10-02,Mainz,Bayer Leverkusen,2,0
806,Bundesliga,Germany,2019/2020,2019-08-15,Mainz,Wolfsburg,2,4
807,Bundesliga,Germany,2019/2020,2019-12-01,Mainz,Eintracht Frankfurt,3,0
808,Bundesliga,Germany,2019/2020,2019-10-21,Mainz,Borussia Monchengladbach,2,1
809,Bundesliga,Germany,2019/2020,2020-01-07,Mainz,Stuttgart,0,1
810,Bundesliga,Germany,2019/2020,2019-08-08,Mainz,Hoffenheim,0,2
811,Ligue 1,France,2019/2020,2020-02-25,PSG,Marseille,2,0
812,Ligue 1,France,2019/2020,2019-09-17,PSG,Lyon,1,3
813,Ligue 1,France,2019/2020,2019-11-24,PSG,Monaco,2,0
814,Ligue 1,France,2019/2020,2019-09-28,PSG,Lille,0,2
815,Ligue 1,France,2019/2020,2020-03-24,PSG,Nice,1,1
816,Ligue 1,France,2019/2020,2019-09-30,PSG,Rennes,3,1
817,Ligue 1,France,2019/2020,2019-10-18,PSG,Lens,1,0
818,Ligue 1,France,2019/2020,2020-04-12,PSG,Montpellier,2,0
819,Ligue 1,France,2019/2020,2019-12-28,PSG,Strasbourg,3,1
820,Ligue 1,France,2019/2020,2020-04-17,Marseille,PSG,1,3
821,Ligue 1,France,2019/2020,2019-12-18,Marseille,Lyon,1,0
822,Ligue 1,France,2019/2020,2020-02-29,Marseille,Monaco,4,1
823,Ligue 1,France,2019/2020,2020-04-04,Marseille,Lille,3,1
824,Ligue 1,France,2019/2020,2020-03-29,Marseille,Nice,3,1
825,Ligue 1,France,2019/2020,2019-12-03,Marseille,Rennes,0,1
826,Ligue 1,France,2019/2020,2020-03-21,Marseille,Lens,2,1
827,Ligue 1,France,2019/2020,2019-10-14,Marseille,Montpellier,0,1
828,Ligue 1,France,2019/2020,2020-02-13,Marseille,Strasbourg,1,2
829,Ligue 1,France,2019/2020,2019-11-06,Lyon,PSG,3,5
830,Ligue 1,France,2019/2020,2020-04-17,Lyon,Marseille,3,2
831,Ligue 1,France,2019/2020,2019-10-09,Lyon,Monaco,3,2
832,Ligue 1,France,2019/2020,2019-09-05,Lyon,Lille,2,1
833,Ligue 1,France,2019/2020,2019-12-20,Lyon,Nice,1,0
834,Ligue 1,France,2019/2020,2020-02-29,Lyon,Rennes,0,3
835,Ligue 1,France,2019/2020,2020-01-22,Lyon,Lens,2,2
836,Ligue 1,France,2019/2020,2020-04-16,Lyon,Montpellier,2,2
837,Ligue 1,France,2019/2020,2019-12-15,Lyon,Strasbourg,0,1
838,Ligue 1,France,2019/2020,2019-08-02,Monaco,PSG,1,1
839,Ligue 1,France,2019/2020,2019-12-23,Monaco,Marseille,1,0
840,Ligue 1,France,2019/2020,2019-12-31,Monaco,Lyon,3,1
841,Ligue 1,France,2019/2020,2020-04-07,Monaco,Lille,0,2
842,Ligue 1,France,2019/2020,2019-10-16,Monaco,Nice,1,2
843,Ligue 1,France,2019/2020,2020-03-16,Monaco,Rennes,1,2
844,Ligue 1,France,2019/2020,2020-04-04,Monaco,Lens,0,1
845,Ligue 1,France,2019/2020,2020-01-24,Monaco,Montpellier,0,1
846,Ligue 1,France,2019/2020,2020-01-18,Monaco,Strasbourg,2,1
847,Ligue 1,France,2019/2020,2020-02-10,Lille,PSG,2,1
848,Ligue 1,France,2019/2020,2020-03-21,Lille,Marseille,2,0
849,Ligue 1,France,2019/2020,2020-01-12,Lille,Lyon,3,0
850,Ligue 1,France,2019/2020,2019-11-05,Lille,Monaco,2,1
851,Ligue 1,France,2019/2020,2019-12-01,Lille,Nice,1,0
852,Ligue 1,France,2019/2020,2020-02-13,Lille,Rennes,1,1
853,Ligue 1,France,2019/2020,2019-11-28,Lille,Lens,1,1
854,Ligue 1,France,2019/2020,2020-02-27,Lille,Montpellier,3,0
855,Ligue 1,France,2019/2020,2019-08-23,Lille,Strasbourg,1,1
856,Ligue 1,France,2019/2020,2020-01-10,Nice,PSG,0,0
857,Ligue 1,France,2019/2020,2020-03-30,Nice,Marseille,2,1
858,Ligue 1,France,2019/2020,2020-02-12,Nice,Lyon,3,1
859,Ligue 1,France,2019/2020,2020-02-14,Nice,Monaco,4,0
860,Ligue 1,France,2019/2020,2019-10-17,Nice,Lille,2,0
861,Ligue 1,France,2019/2020,2020-04-10,Nice,Rennes,0,1
862,Ligue 1,France,2019/2020,2019-08-19,Nice,Lens,6,1
863,Ligue 1,France,2019/2020,2019-10-04,Nice,Montpellier,1,1
864,Ligue 1,France,2019/2020,2020-04-14,Nice,Strasbourg,1,3
865,Ligue 1,France,2019/2020,2020-01-17,Rennes,PSG,1,1
866,Ligue 1,France,2019/2020,2019-09-21,Rennes,Marseille,3,1
867,Ligue 1,France,2019/2020,2020-03-13,Rennes,Lyon,1,0
868,Ligue 1,France,2019/2020,2019-09-21,Rennes,Monaco,3,2
869,Ligue 1,France,2019/2020,2020-04-26,Rennes,Lille,2,0
870,Ligue 1,France,2019/2020,2020-03-21,Rennes,Nice,1,1
871,Ligue 1,France,2019/2020,2019-08-08,Rennes,Lens,2,0
872,Ligue 1,France,2019/2020,2019-10-13,Rennes,Montpellier,0,2
873,Ligue 1,France,2019/2020,2020-02-26,Rennes,Strasbourg,2,2
874,Ligue 1,France,2019/2020,2019-10-19,Lens,PSG,0,0
875,Ligue 1,France,2019/2020,2019-09-08,Lens,Marseille,1,1
876,Ligue 1,France,2019/2020,2020-03-28,Lens,Lyon,1,0
877,Ligue 1,France,2019/2020,2019-12-14,Lens,Monaco,2,2
878,Ligue 1,France,2019/2020,2020-01-21,Lens,Lille,1,0
879,Ligue 1,France,2019/2020,2020-02-20,Lens,Nice,1,2
880,Ligue 1,France,2019/2020,2019-09-11,Lens,Rennes,1,3
881,Ligue 1,France,2019/2020,2020-01-16,Lens,Montpellier,3,0
882,Ligue 1,France,2019/2020,2020-02-11,Lens,Strasbourg,1,2
883,Ligue 1,France,2019/2020,2020-01-10,Montpellier,PSG,0,1
884,Ligue 1,France,2019/2020,2020-04-06,Montpellier,Marseille,2,0
885,Ligue 1,France,2019/2020,2019-08-19,Montpellier,Lyon,0,3
886,Ligue 1,France,2019/2020,2019-09-05,Montpellier,Monaco,3,0
887,Ligue 1,France,2019/2020,2019-11-29,Montpellier,Lille,2,0
888,Ligue 1,France,2019/2020,2019-12-26,Montpellier,Nice,4,0
889,Ligue 1,France,2019/2020,2019-11-25,Montpellier,Rennes,1,1
890,Ligue 1,France,2019/2020,2019-09-16,Montpellier,Lens,1,1
891,Ligue 1,France,2019/2020,2020-03-10,Montpellier,Strasbourg,0,2
892,Ligue 1,France,2019/2020,2019-09-20,Strasbourg,PSG,4,1
893,Ligue 1,France,2019/2020,2019-09-21,Strasbourg,Marseille,2,0
894,Ligue 1,France,2019/2020,2020-03-15,Strasbourg,Lyon,1,2
895,Ligue 1,France,2019/2020,2019-10-25,Strasbourg,Monaco,4,0
896,Ligue 1,France,2019/2020,2020-01-01,Strasbourg,Lille,0,0
897,Ligue 1,France,2019/2020,2019-08-15,Strasbourg,Nice,3,0
898,Ligue 1,France,2019/2020,2019-08-24,Strasbourg,Rennes,1,1
899,Ligue 1,France,2019/2020,2020-01-14,Strasbourg,Lens,1,0
900,Ligue 1,France,2019/2020,2019-08-29,Strasbourg,Montpellier,0,2
901,Premier League,England,2020/2021,2020-12-29,Manchester United,Liverpool,2,2
902,Premier League,England,2020/2021,2021-01-31,Manchester United,Chelsea,1,4
903,Premier League,England,2020/2021,2021-02-08,Manchester United,Arsenal,2,2
904,Premier League,England,2020/2021,2021-03-09,Manchester United,Manchester City,1,1
905,Premier League,England,2020/2021,2020-10-14,Manchester United,Tottenham,2,1
906,Premier League,England,2020/2021,2020-12-04,Manchester United,Everton,2,1
907,Premier League,England,2020/2021,2021-02-27,Manchester United,Leicester City,0,2
908,Premier League,England,2020/2021,2020-11-01,Manchester United,West Ham,0,1
909,Premier League,England,2020/2021,2020-10-27,Manchester United,Newcastle,0,2
910,Premier League,England,2020/2021,2020-10-29,Liverpool,Manchester United,1,0
911,Premier League,England,2020/2021,2020-09-10,Liverpool,Chelsea,2,1
912,Premier League,England,2020/2021,2021-02-12,Liverpool,Arsenal,1,4
913,Premier League,England,2020/2021,2020-12-02,Liverpool,Manchester City,2,1
914,Premier League,England,2020/2021,2021-04-12,Liverpool,Tottenham,0,1
915,Premier League,England,2020/2021,2020-10-13,Liverpool,Everton,1,0
916,Premier League,England,2020/2021,2020-11-27,Liverpool,Leicester City,3,1
917,Premier League,England,2020/2021,2021-03-25,Liverpool,West Ham,1,2
918,Premier League,England,2020/2021,2020-12-09,Liverpool,Newcastle,1,0
919,Premier League,England,2020/2021,2021-03-24,Chelsea,Manchester United,2,4
920,Premier League,England,2020/2021,2020-12-09,Chelsea,Liverpool,3,0
921,Premier League,England,2020/2021,2020-08-05,Chelsea,Arsenal,1,2
922,Premier League,England,2020/2021,2021-03-27,Chelsea,Manchester City,1,1
923,Premier League,England,2020/2021,2020-12-26,Chelsea,Tottenham,3,2
924,Premier League,England,2020/2021,2020-10-20,Chelsea,Everton,1,1
925,Premier League,England,2020/2021,2020-09-07,Chelsea,Leicester City,0,1
926,Premier League,England,2020/2021,2021-03-15,Chelsea,West Ham,1,2
927,Premier League,England,2020/2021,2021-01-24,Chelsea,Newcastle,0,1
928,Premier League,England,2020/2021,2021-01-01,Arsenal,Manchester United,3,3
929,Premier League,England,2020/2021,2021-03-06,Arsenal,Liverpool,2,3
930,Premier League,England,2020/2021,2020-12-07,Arsenal,Chelsea,2,0
931,Premier League,England,2020/2021,2021-03-22,Arsenal,Manchester City,3,1
932,Premier League,England,2020/2021,2021-01-02,Arsenal,Tottenham,1,0
933,Premier League,England,2020/2021,2020-11-10,Arsenal,Everton,0,1
934,Premier League,England,2020/2021,2021-02-13,Arsenal,Leicester City,1,1
935,Premier League,England,2020/2021,2021-04-05,Arsenal,West Ham,1,1
936,Premier League,England,2020/2021,2020-09-24,Arsenal,Newcastle,0,2
937,Premier League,England,2020/2021,2020-11-30,Manchester City,Manchester United,2,0
938,Premier League,England,2020/2021,2021-02-12,Manchester City,Liverpool,0,0
939,Premier League,England,2020/2021,2021-01-31,Manchester City,Chelsea,2,2
940,Premier League,England,2020/2021,2020-12-30,Manchester City,Arsenal,0,0
941,Premier League,England,2020/2021,2020-12-30,Manchester City,Tottenham,0,0
942,Premier League,England,2020/2021,2020-08-12,Manchester City,Everton,1,2
943,Premier League,England,2020/2021,2021-02-19,Manchester City,Leicester City,1,1
944,Premier League,England,2020/2021,2020-12-19,Manchester City,West Ham,0,0
945,Premier League,England,2020/2021,2020-08-05,Manchester City,Newcastle,2,1
946,Premier League,England,2020/2021,2020-08-26,Tottenham,Manchester United,0,1
947,Premier League,England,2020/2021,2021-04-12,Tottenham,Liverpool,0,3
948,Premier League,England,2020/2021,2020-12-25,Tottenham,Chelsea,1,0
949,Premier League,England,2020/2021,2020-11-26,Tottenham,Arsenal,0,2
950,Premier League,England,2020/2021,2021-01-28,Tottenham,Manchester City,2,0
951,Premier League,England,2020/2021,2020-11-21,Tottenham,Everton,3,2
952,Premier League,England,2020/2021,2020-11-06,Tottenham,Leicester City,1,1
953,Premier League,England,2020/2021,2020-12-07,Tottenham,West Ham,2,1
954,Premier League,England,2020/2021,2020-10-10,Tottenham,Newcastle,3,1
955,Premier League,England,2020/2021,2020-09-19,Everton,Manchester United,2,2
956,Premier League,England,2020/2021,2020-08-21,Everton,Liverpool,2,0
957,Premier League,England,2020/2021,2021-01-06,Everton,Chelsea,4,1
958,Premier League,England,2020/2021,2021-03-14,Everton,Arsenal,1,1
959,Premier League,England,2020/2021,2020-08-18,Everton,Manchester City,1,1
960,Premier League,England,2020/2021,2021-02-03,Everton,Tottenham,1,1
961,Premier League,England,2020/2021,2020-10-07,Everton,Leicester City,2,0
962,Premier League,England,2020/2021,2020-09-16,Everton,West Ham,4,1
963,Premier League,England,2020/2021,2020-12-30,Everton,Newcastle,1,2
964,Premier League,England,2020/2021,2021-01-15,Leicester City,Manchester United,0,1
965,Premier League,England,2020/2021,2021-03-01,Leicester City,Liverpool,1,2
966,Premier League,England,2020/2021,2020-10-29,Leicester City,Chelsea,1,2
967,Premier League,England,2020/2021,2020-11-11,Leicester City,Arsenal,2,0
968,Premier League,England,2020/2021,2020-10-07,Leicester City,Manchester City,4,2
969,Premier League,England,2020/2021,2021-02-04,Leicester City,Tottenham,1,0
970,Premier League,England,2020/2021,2021-04-14,Leicester City,Everton,0,0
971,Premier League,England,2020/2021,2020-12-18,Leicester City,West Ham,1,1
972,Premier League,England,2020/2021,2020-10-24,Leicester City,Newcastle,1,0
973,Premier League,England,2020/2021,2020-12-10,West Ham,Manchester United,0,1
974,Premier League,England,2020/2021,2021-04-04,West Ham,Liverpool,1,1
975,Premier League,England,2020/2021,2020-12-30,West Ham,Chelsea,4,0
976,Premier League,England,2020/2021,2021-01-21,West Ham,Arsenal,3,4
977,Premier League,England,2020/2021,2020-09-28,West Ham,Manchester City,1,0
978,Premier League,England,2020/2021,2021-03-28,West Ham,Tottenham,2,0
979,Premier League,England,2020/2021,2020-09-08,West Ham,Everton,3,2
980,Premier League,England,2020/2021,2020-10-12,West Ham,Leicester City,1,3
981,Premier League,England,2020/2021,2020-11-24,West Ham,Newcastle,4,0
982,Premier League,England,2020/2021,2021-02-20,Newcastle,Manchester United,3,1
983,Premier League,England,2020/2021,2021-02-04,Newcastle,Liverpool,2,0
984,Premier League,England,2020/2021,2020-09-16,Newcastle,Chelsea,1,0
985,Premier League,England,2020/2021,2021-02-19,Newcastle,Arsenal,3,2
986,Premier League,England,2020/2021,2020-08-08,Newcastle,Manchester City,2,0
987,Premier League,England,2020/2021,2020-12-14,Newcastle,Tottenham,1,0
988,Premier League,England,2020/2021,2020-10-03,Newcastle,Everton,3,3
989,Premier League,England,2020/2021,2021-03-21,Newcastle,Leicester City,3,2
990,Premier League,England,2020/2021,2021-02-05,Newcastle,West Ham,0,1
991,La Liga,Spain,2020/2021,2020-12-13,Real Madrid,Barcelona,1,2
992,La Liga,Spain,2020/2021,2021-02-12,Real Madrid,Atletico Madrid,3,1
993,La Liga,Spain,2020/2021,2021-02-07,Real Madrid,Sevilla,3,1
994,La Liga,Spain,2020/2021,2020-09-25,Real Madrid,Valencia,0,2
995,La Liga,Spain,2020/2021,2020-11-28,Real Madrid,Villarreal,1,2
996,La Liga,Spain,2020/2021,2021-03-30,Real Madrid,Real Sociedad,2,3
997,La Liga,Spain,2020/2021,2020-08-13,Real Madrid,Athletic Bilbao,0,3
998,La Liga,Spain,2020/2021,2021-01-15,Real Madrid,Real Betis,2,2
999,La Liga,Spain,2020/2021,2020-11-22,Real Madrid,Getafe,3,0
1000,La Liga,Spain,2020/2021,2020-09-02,Barcelona,Real Madrid,2,1
1001,La Liga,Spain,2020/2021,2021-03-26,Barcelona,Atletico Madrid,0,2
1002,La Liga,Spain,2020/2021,2021-01-02,Barcelona,Sevilla,1,1
1003,La Liga,Spain,2020/2021,2021-02-26,Barcelona,Valencia,3,1
1004,La Liga,Spain,2020/2021,2020-09-29,Barcelona,Villarreal,0,2
1005,La Liga,Spain,2020/2021,2020-10-11,Barcelona,Real Sociedad,2,2
1006,La Liga,Spain,2020/2021,2020-08-24,Barcelona,Athletic Bilbao,1,2
1007,La Liga,Spain,2020/2021,2020-08-20,Barcelona,Real Betis,4,0
1008,La Liga,Spain,2020/2021,2021-01-03,Barcelona,Getafe,0,1
1009,La Liga,Spain,2020/2021,2021-04-10,Atletico Madrid,Real Madrid,0,3
1010,La Liga,Spain,2020/2021,2020-09-29,Atletico Madrid,Barcelona,0,0
1011,La Liga,Spain,2020/2021,2020-09-19,Atletico Madrid,Sevilla,3,1
1012,La Liga,Spain,2020/2021,2020-11-29,Atletico Madrid,Valencia,2,0
1013,La Liga,Spain,2020/2021,2020-10-09,Atletico Madrid,Villarreal,0,1
1014,La Liga,Spain,2020/2021,2021-02-15,Atletico Madrid,Real Sociedad,0,0
1015,La Liga,Spain,2020/2021,2021-03-21,Atletico Madrid,Athletic Bilbao,0,2
1016,La Liga,Spain,2020/2021,2021-02-06,Atletico Madrid,Real Betis,2,2
1017,La Liga,Spain,2020/2021,2021-03-03,Atletico Madrid,Getafe,3,2
1018,La Liga,Spain,2020/2021,2020-10-19,Sevilla,Real Madrid,3,1
1019,La Liga,Spain,2020/2021,2021-03-01,Sevilla,Barcelona,0,1
1020,La Liga,Spain,2020/2021,2020-09-20,Sevilla,Atletico Madrid,3,1
1021,La Liga,Spain,2020/2021,2021-04-08,Sevilla,Valencia,1,0
1022,La Liga,Spain,2020/2021,2021-02-25,Sevilla,Villarreal,1,1
1023,La Liga,Spain,2020/2021,2020-12-22,Sevilla,Real Sociedad,3,0
1024,La Liga,Spain,2020/2021,2020-08-17,Sevilla,Athletic Bilbao,1,0
1025,La Liga,Spain,2020/2021,2021-02-06,Sevilla,Real Betis,1,0
1026,La Liga,Spain,2020/2021,2020-11-20,Sevilla,Getafe,1,1
1027,La Liga,Spain,2020/2021,2021-03-16,Valencia,Real Madrid,0,1
1028,La Liga,Spain,2020/2021,2021-03-16,Valencia,Barcelona,2,1
1029,La Liga,Spain,2020/2021,2020-11-29,Valencia,Atletico Madrid,1,1
1030,La Liga,Spain,2020/2021,2021-02-02,Valencia,Sevilla,6,0
1031,La Liga,Spain,2020/2021,2020-09-20,Valencia,Villarreal,1,1
1032,La Liga,Spain,2020/2021,2021-02-05,Valencia,Real Sociedad,0,1
1033,La Liga,Spain,2020/2021,2021-01-31,Valencia,Athletic Bilbao,1,3
1034,La Liga,Spain,2020/2021,2020-09-01,Valencia,Real Betis,1,1
1035,La Liga,Spain,2020/2021,2021-02-20,Valencia,Getafe,0,0
1036,La Liga,Spain,2020/2021,2020-12-20,Villarreal,Real Madrid,3,0
1037,La Liga,Spain,2020/2021,2020-11-06,Villarreal,Barcelona,2,1
1038,La Liga,Spain,2020/2021,2020-10-02,Villarreal,Atletico Madrid,3,1
1039,La Liga,Spain,2020/2021,2021-03-21,Villarreal,Sevilla,0,5
1040,La Liga,Spain,2020/2021,2020-09-16,Villarreal,Valencia,1,1
1041,La Liga,Spain,2020/2021,2020-11-17,Villarreal,Real Sociedad,0,2
1042,La Liga,Spain,2020/2021,2020-08-11,Villarreal,Athletic Bilbao,0,0
1043,La Liga,Spain,2020/2021,2020-08-26,Villarreal,Real Betis,1,2
1044,La Liga,Spain,2020/2021,2021-01-18,Villarreal,Getafe,2,2
1045,La Liga,Spain,2020/2021,2020-12-03,Real Sociedad,Real Madrid,0,2
1046,La Liga,Spain,2020/2021,2020-10-04,Real Sociedad,Barcelona,0,1
1047,La Liga,Spain,2020/2021,2020-11-14,Real Sociedad,Atletico Madrid,0,1
1048,La Liga,Spain,2020/2021,2020-09-05,Real Sociedad,Sevilla,1,0
1049,La Liga,Spain,2020/2021,2020-11-15,Real Sociedad,Valencia,1,1
1050,La Liga,Spain,2020/2021,2020-11-19,Real Sociedad,Villarreal,1,1
1051,La Liga,Spain,2020/2021,2020-11-28,Real Sociedad,Athletic Bilbao,0,1
1052,La Liga,Spain,2020/2021,2021-01-16,Real Sociedad,Real Betis,3,1
1053,La Liga,Spain,2020/2021,2020-10-15,Real Sociedad,Getafe,0,1
1054,La Liga,Spain,2020/2021,2020-08-02,Athletic Bilbao,Real Madrid,2,4
1055,La Liga,Spain,2020/2021,2020-12-20,Athletic Bilbao,Barcelona,1,0
1056,La Liga,Spain,2020/2021,2020-10-14,Athletic Bilbao,Atletico Madrid,3,2
1057,La Liga,Spain,2020/2021,2020-10-06,Athletic Bilbao,Sevilla,2,2
1058,La Liga,Spain,2020/2021,2020-12-07,Athletic Bilbao,Valencia,2,4
1059,La Liga,Spain,2020/2021,2020-10-29,Athletic Bilbao,Villarreal,2,1
1060,La Liga,Spain,2020/2021,2020-09-26,Athletic Bilbao,Real Sociedad,2,1
1061,La Liga,Spain,2020/2021,2020-08-14,Athletic Bilbao,Real Betis,2,0
1062,La Liga,Spain,2020/2021,2020-10-07,Athletic Bilbao,Getafe,2,3
1063,La Liga,Spain,2020/2021,2020-08-08,Real Betis,Real Madrid,3,0
1064,La Liga,Spain,2020/2021,2021-01-31,Real Betis,Barcelona,1,0
1065,La Liga,Spain,2020/2021,2020-11-30,Real Betis,Atletico Madrid,0,0
1066,La Liga,Spain,2020/2021,2021-01-13,Real Betis,Sevilla,2,2
1067,La Liga,Spain,2020/2021,2020-08-09,Real Betis,Valencia,5,1
1068,La Liga,Spain,2020/2021,2020-10-29,Real Betis,Villarreal,0,1
1069,La Liga,Spain,2020/2021,2020-12-14,Real Betis,Real Sociedad,2,1
1070,La Liga,Spain,2020/2021,2020-08-27,Real Betis,Athletic Bilbao,3,2
1071,La Liga,Spain,2020/2021,2020-10-04,Real Betis,Getafe,1,2
1072,La Liga,Spain,2020/2021,2021-03-04,Getafe,Real Madrid,0,0
1073,La Liga,Spain,2020/2021,2021-04-27,Getafe,Barcelona,0,1
1074,La Liga,Spain,2020/2021,2020-09-28,Getafe,Atletico Madrid,4,2
1075,La Liga,Spain,2020/2021,2020-09-02,Getafe,Sevilla,0,1
1076,La Liga,Spain,2020/2021,2021-04-01,Getafe,Valencia,1,2
1077,La Liga,Spain,2020/2021,2021-03-18,Getafe,Villarreal,3,3
1078,La Liga,Spain,2020/2021,2021-02-02,Getafe,Real Sociedad,3,1
1079,La Liga,Spain,2020/2021,2021-04-20,Getafe,Athletic Bilbao,1,1
1080,La Liga,Spain,2020/2021,2020-09-25,Getafe,Real Betis,0,1
1081,Serie A,Italy,2020/2021,2021-03-20,Juventus,AC Milan,1,1
1082,Serie A,Italy,2020/2021,2021-04-15,Juventus,Inter Milan,3,1
1083,Serie A,Italy,2020/2021,2020-11-22,Juventus,Roma,1,1
1084,Serie A,Italy,2020/2021,2020-08-23,Juventus,Napoli,2,0
1085,Serie A,Italy,2020/2021,2021-04-24,Juventus,Lazio,3,1
1086,Serie A,Italy,2020/2021,2021-01-02,Juventus,Atalanta,0,0
1087,Serie A,Italy,2020/2021,2021-03-23,Juventus,Fiorentina,1,0
1088,Serie A,Italy,2020/2021,2020-08-16,Juventus,Torino,2,1
1089,Serie A,Italy,2020/2021,2020-09-01,Juventus,Sassuolo,0,0
1090,Serie A,Italy,2020/2021,2021-04-03,AC Milan,Juventus,1,0
1091,Serie A,Italy,2020/2021,2021-02-22,AC Milan,Inter Milan,2,1
1092,Serie A,Italy,2020/2021,2021-03-07,AC Milan,Roma,2,1
1093,Serie A,Italy,2020/2021,2020-09-25,AC Milan,Napoli,0,1
1094,Serie A,Italy,2020/2021,2021-04-09,AC Milan,Lazio,6,1
1095,Serie A,Italy,2020/2021,2021-03-16,AC Milan,Atalanta,2,1
1096,Serie A,Italy,2020/2021,2020-09-07,AC Milan,Fiorentina,0,2
1097,Serie A,Italy,2020/2021,2020-09-11,AC Milan,Torino,1,1
1098,Serie A,Italy,2020/2021,2021-01-12,AC Milan,Sassuolo,2,0
1099,Serie A,Italy,2020/2021,2020-10-15,Inter Milan,Juventus,2,0
1100,Serie A,Italy,2020/2021,2020-09-03,Inter Milan,AC Milan,3,2
1101,Serie A,Italy,2020/2021,2020-10-04,Inter Milan,Roma,4,1
1102,Serie A,Italy,2020/2021,2020-12-19,Inter Milan,Napoli,3,0
1103,Serie A,Italy,2020/2021,2021-01-14,Inter Milan,Lazio,2,1
1104,Serie A,Italy,2020/2021,2021-02-12,Inter Milan,Atalanta,1,0
1105,Serie A,Italy,2020/2021,2020-12-29,Inter Milan,Fiorentina,1,0
1106,Serie A,Italy,2020/2021,2021-03-21,Inter Milan,Torino,0,2
1107,Serie A,Italy,2020/2021,2021-04-16,Inter Milan,Sassuolo,0,0
1108,Serie A,Italy,2020/2021,2021-03-09,Roma,Juventus,3,2
1109,Serie A,Italy,2020/2021,2020-09-20,Roma,AC Milan,1,4
1110,Serie A,Italy,2020/2021,2020-09-28,Roma,Inter Milan,2,3
1111,Serie A,Italy,2020/2021,2020-11-19,Roma,Napoli,2,1
1112,Serie A,Italy,2020/2021,2021-03-09,Roma,Lazio,2,2
1113,Serie A,Italy,2020/2021,2021-03-20,Roma,Atalanta,3,1
1114,Serie A,Italy,2020/2021,2020-11-25,Roma,Fiorentina,2,1
1115,Serie A,Italy,2020/2021,2021-02-28,Roma,Torino,1,0
1116,Serie A,Italy,2020/2021,2021-01-21,Roma,Sassuolo,1,0
1117,Serie A,Italy,2020/2021,2021-03-21,Napoli,Juventus,1,0
1118,Serie A,Italy,2020/2021,2021-02-21,Napoli,AC Milan,2,2
1119,Serie A,Italy,2020/2021,2021-03-01,Napoli,Inter Milan,2,0
1120,Serie A,Italy,2020/2021,2020-09-18,Napoli,Roma,2,2
1121,Serie A,Italy,2020/2021,2021-01-08,Napoli,Lazio,3,3
1122,Serie A,Italy,2020/2021,2021-03-07,Napoli,Atalanta,3,2
1123,Serie A,Italy,2020/2021,2021-01-08,Napoli,Fiorentina,2,0
1124,Serie A,Italy,2020/2021,2020-12-09,Napoli,Torino,2,2
1125,Serie A,Italy,2020/2021,2021-02-08,Napoli,Sassuolo,2,0
1126,Serie A,Italy,2020/2021,2020-10-18,Lazio,Juventus,0,0
1127,Serie A,Italy,2020/2021,2021-03-31,Lazio,AC Milan,2,0
1128,Serie A,Italy,2020/2021,2020-09-04,Lazio,Inter Milan,2,2
1129,Serie A,Italy,2020/2021,2020-09-16,Lazio,Roma,4,0
1130,Serie A,Italy,2020/2021,2020-09-13,Lazio,Napoli,1,0
1131,Serie A,Italy,2020/2021,2020-09-17,Lazio,Atalanta,0,0
1132,Serie A,Italy,2020/2021,2021-03-10,Lazio,Fiorentina,1,1
1133,Serie A,Italy,2020/2021,2020-09-19,Lazio,Torino,1,1
1134,Serie A,Italy,2020/2021,2021-02-07,Lazio,Sassuolo,3,1
1135,Serie A,Italy,2020/2021,2020-10-06,Atalanta,Juventus,3,3
1136,Serie A,Italy,2020/2021,2020-08-31,Atalanta,AC Milan,2,1
1137,Serie A,Italy,2020/2021,2021-01-16,Atalanta,Inter Milan,1,1
1138,Serie A,Italy,2020/2021,2020-10-02,Atalanta,Roma,1,0
1139,Serie A,Italy,2020/2021,2021-02-27,Atalanta,Napoli,2,1
1140,Serie A,Italy,2020/2021,2021-01-29,Atalanta,Lazio,3,2
1141,Serie A,Italy,2020/2021,2021-03-05,Atalanta,Fiorentina,2,0
1142,Serie A,Italy,2020/2021,2020-08-27,Atalanta,Torino,2,0
1143,Serie A,Italy,2020/2021,2020-12-26,Atalanta,Sassuolo,4,1
1144,Serie A,Italy,2020/2021,2021-01-07,Fiorentina,Juventus,1,3
1145,Serie A,Italy,2020/2021,2021-01-28,Fiorentina,AC Milan,1,3
1146,Serie A,Italy,2020/2021,2020-09-23,Fiorentina,Inter Milan,2,1
1147,Serie A,Italy,2020/2021,2021-04-17,Fiorentina,Roma,2,2
1148,Serie A,Italy,2020/2021,2020-11-17,Fiorentina,Napoli,1,0
1149,Serie A,Italy,2020/2021,2020-10-19,Fiorentina,Lazio,1,0
1150,Serie A,Italy,2020/2021,2021-04-04,Fiorentina,Atalanta,2,3
1151,Serie A,Italy,2020/2021,2020-11-23,Fiorentina,Torino,3,1
1152,Serie A,Italy,2020/2021,2020-09-25,Fiorentina,Sassuolo,1,1
1153,Serie A,Italy,2020/2021,2021-01-27,Torino,Juventus,3,3
1154,Serie A,Italy,2020/2021,2021-02-05,Torino,AC Milan,2,1
1155,Serie A,Italy,2020/2021,2020-09-28,Torino,Inter Milan,0,1
1156,Serie A,Italy,2020/2021,2020-12-21,Torino,Roma,1,1
1157,Serie A,Italy,2020/2021,2020-11-24,Torino,Napoli,2,1
1158,Serie A,Italy,2020/2021,2021-03-08,Torino,Lazio,2,2
1159,Serie A,Italy,2020/2021,2020-08-14,Torino,Atalanta,1,2
1160,Serie A,Italy,2020/2021,2020-12-15,Torino,Fiorentina,1,2
1161,Serie A,Italy,2020/2021,2020-08-15,Torino,Sassuolo,0,1
1162,Serie A,Italy,2020/2021,2020-11-01,Sassuolo,Juventus,0,1
1163,Serie A,Italy,2020/2021,2020-12-18,Sassuolo,AC Milan,1,0
1164,Serie A,Italy,2020/2021,2021-01-06,Sassuolo,Inter Milan,1,1
1165,Serie A,Italy,2020/2021,2021-01-21,Sassuolo,Roma,0,1
1166,Serie A,Italy,2020/2021,2021-01-27,Sassuolo,Napoli,3,0
1167,Serie A,Italy,2020/2021,2020-08-04,Sassuolo,Lazio,1,3
1168,Serie A,Italy,2020/2021,2020-11-01,Sassuolo,Atalanta,2,0
1169,Serie A,Italy,2020/2021,2020-10-13,Sassuolo,Fiorentina,1,1
1170,Serie A,Italy,2020/2021,2021-02-22,Sassuolo,Torino,2,1
1171,Bundesliga,Germany,2020/2021,2020-09-05,Bayern Munich,Borussia Dortmund,3,0
1172,Bundesliga,Germany,2020/2021,2020-10-12,Bayern Munich,RB Leipzig,3,2
1173,Bundesliga,Germany,2020/2021,2020-08-16,Bayern Munich,Bayer Leverkusen,1,2
1174,Bundesliga,Germany,2020/2021,2020-09-16,Bayern Munich,Wolfsburg,2,0
1175,Bundesliga,Germany,2020/2021,2020-11-19,Bayern Munich,Eintracht Frankfurt,1,0
1176,Bundesliga,Germany,2020/2021,2021-02-09,Bayern Munich,Borussia Monchengladbach,1,0
1177,Bundesliga,Germany,2020/2021,2021-03-03,Bayern Munich,Stuttgart,1,3
1178,Bundesliga,Germany,2020/2021,2021-03-21,Bayern Munich,Hoffenheim,3,3
1179,Bundesliga,Germany,2020/2021,2021-01-22,Bayern Munich,Mainz,2,1
1180,Bundesliga,Germany,2020/2021,2020-10-20,Borussia Dortmund,Bayern Munich,1,1
1181,Bundesliga,Germany,2020/2021,2021-02-06,Borussia Dortmund,RB Leipzig,2,0
1182,Bundesliga,Germany,2020/2021,2021-01-07,Borussia Dortmund,Bayer Leverkusen,0,2
1183,Bundesliga,Germany,2020/2021,2021-01-14,Borussia Dortmund,Wolfsburg,0,3
1184,Bundesliga,Germany,2020/2021,2020-09-13,Borussia Dortmund,Eintracht Frankfurt,0,0
1185,Bundesliga,Germany,2020/2021,2020-08-27,Borussia Dortmund,Borussia Monchengladbach,0,0
1186,Bundesliga,Germany,2020/2021,2020-10-19,Borussia Dortmund,Stuttgart,0,0
1187,Bundesliga,Germany,2020/2021,2020-10-20,Borussia Dortmund,Hoffenheim,2,2
1188,Bundesliga,Germany,2020/2021,2020-08-26,Borussia Dortmund,Mainz,1,1
1189,Bundesliga,Germany,2020/2021,2020-09-11,RB Leipzig,Bayern Munich,2,1
1190,Bundesliga,Germany,2020/2021,2020-12-18,RB Leipzig,Borussia Dortmund,5,3
1191,Bundesliga,Germany,2020/2021,2021-03-15,RB Leipzig,Bayer Leverkusen,4,1
1192,Bundesliga,Germany,2020/2021,2021-03-06,RB Leipzig,Wolfsburg,2,1
1193,Bundesliga,Germany,2020/2021,2021-04-06,RB Leipzig,Eintracht Frankfurt,2,1
1194,Bundesliga,Germany,2020/2021,2021-03-15,RB Leipzig,Borussia Monchengladbach,2,1
1195,Bundesliga,Germany,2020/2021,2021-03-01,RB Leipzig,Stuttgart,2,1
1196,Bundesliga,Germany,2020/2021,2020-12-18,RB Leipzig,Hoffenheim,1,3
1197,Bundesliga,Germany,2020/2021,2020-11-19,RB Leipzig,Mainz,1,2
1198,Bundesliga,Germany,2020/2021,2021-04-20,Bayer Leverkusen,Bayern Munich,3,1
1199,Bundesliga,Germany,2020/2021,2020-09-28,Bayer Leverkusen,Borussia Dortmund,0,3
1200,Bundesliga,Germany,2020/2021,2021-01-24,Bayer Leverkusen,RB Leipzig,2,1
1201,Bundesliga,Germany,2020/2021,2021-03-09,Bayer Leverkusen,Wolfsburg,2,0
1202,Bundesliga,Germany,2020/2021,2020-09-26,Bayer Leverkusen,Eintracht Frankfurt,0,0
1203,Bundesliga,Germany,2020/2021,2020-12-24,Bayer Leverkusen,Borussia Monchengladbach,2,0
1204,Bundesliga,Germany,2020/2021,2021-04-07,Bayer Leverkusen,Stuttgart,2,1
1205,Bundesliga,Germany,2020/2021,2021-04-27,Bayer Leverkusen,Hoffenheim,1,2
1206,Bundesliga,Germany,2020/2021,2021-01-05,Bayer Leverkusen,Mainz,2,1
1207,Bundesliga,Germany,2020/2021,2020-08-24,Wolfsburg,Bayern Munich,0,4
1208,Bundesliga,Germany,2020/2021,2020-11-21,Wolfsburg,Borussia Dortmund,0,2
1209,Bundesliga,Germany,2020/2021,2021-02-19,Wolfsburg,RB Leipzig,3,2
1210,Bundesliga,Germany,2020/2021,2020-08-29,Wolfsburg,Bayer Leverkusen,1,1
1211,Bundesliga,Germany,2020/2021,2020-08-04,Wolfsburg,Eintracht Frankfurt,1,1
1212,Bundesliga,Germany,2020/2021,2020-11-13,Wolfsburg,Borussia Monchengladbach,1,1
1213,Bundesliga,Germany,2020/2021,2021-01-02,Wolfsburg,Stuttgart,0,3
1214,Bundesliga,Germany,2020/2021,2020-11-17,Wolfsburg,Hoffenheim,1,0
1215,Bundesliga,Germany,2020/2021,2020-10-10,Wolfsburg,Mainz,3,1
1216,Bundesliga,Germany,2020/2021,2020-12-09,Eintracht Frankfurt,Bayern Munich,2,1
1217,Bundesliga,Germany,2020/2021,2020-12-27,Eintracht Frankfurt,Borussia Dortmund,2,1
1218,Bundesliga,Germany,2020/2021,2021-01-15,Eintracht Frankfurt,RB Leipzig,2,3
1219,Bundesliga,Germany,2020/2021,2020-10-01,Eintracht Frankfurt,Bayer Leverkusen,1,1
1220,Bundesliga,Germany,2020/2021,2020-08-04,Eintracht Frankfurt,Wolfsburg,0,0
1221,Bundesliga,Germany,2020/2021,2021-04-12,Eintracht Frankfurt,Borussia Monchengladbach,2,0
1222,Bundesliga,Germany,2020/2021,2021-03-09,Eintracht Frankfurt,Stuttgart,1,0
1223,Bundesliga,Germany,2020/2021,2020-10-29,Eintracht Frankfurt,Hoffenheim,0,2
1224,Bundesliga,Germany,2020/2021,2020-10-06,Eintracht Frankfurt,Mainz,3,1
1225,Bundesliga,Germany,2020/2021,2021-02-11,Borussia Monchengladbach,Bayern Munich,0,2
1226,Bundesliga,Germany,2020/2021,2020-11-26,Borussia Monchengladbach,Borussia Dortmund,2,5
1227,Bundesliga,Germany,2020/2021,2021-04-14,Borussia Monchengladbach,RB Leipzig,1,2
1228,Bundesliga,Germany,2020/2021,2021-01-29,Borussia Monchengladbach,Bayer Leverkusen,2,1
1229,Bundesliga,Germany,2020/2021,2020-09-06,Borussia Monchengladbach,Wolfsburg,2,2
1230,Bundesliga,Germany,2020/2021,2021-02-20,Borussia Monchengladbach,Eintracht Frankfurt,0,0
1231,Bundesliga,Germany,2020/2021,2020-08-22,Borussia Monchengladbach,Stuttgart,3,1
1232,Bundesliga,Germany,2020/2021,2021-03-12,Borussia Monchengladbach,Hoffenheim,2,1
1233,Bundesliga,Germany,2020/2021,2020-08-10,Borussia Monchengladbach,Mainz,2,0
1234,Bundesliga,Germany,2020/2021,2021-03-24,Stuttgart,Bayern Munich,0,1
1235,Bundesliga,Germany,2020/2021,2020-09-09,Stuttgart,Borussia Dortmund,2,0
1236,Bundesliga,Germany,2020/2021,2021-01-08,Stuttgart,RB Leipzig,5,2
1237,Bundesliga,Germany,2020/2021,2021-03-08,Stuttgart,Bayer Leverkusen,1,0
1238,Bundesliga,Germany,2020/2021,2021-02-24,Stuttgart,Wolfsburg,2,2
1239,Bundesliga,Germany,2020/2021,2021-03-02,Stuttgart,Eintracht Frankfurt,1,2
1240,Bundesliga,Germany,2020/2021,2020-12-27,Stuttgart,Borussia Monchengladbach,0,0
1241,Bundesliga,Germany,2020/2021,2020-09-28,Stuttgart,Hoffenheim,0,2
1242,Bundesliga,Germany,2020/2021,2021-02-24,Stuttgart,Mainz,3,0
1243,Bundesliga,Germany,2020/2021,2020-08-11,Hoffenheim,Bayern Munich,2,1
1244,Bundesliga,Germany,2020/2021,2021-01-14,Hoffenheim,Borussia Dortmund,3,3
1245,Bundesliga,Germany,2020/2021,2020-10-27,Hoffenheim,RB Leipzig,2,0
1246,Bundesliga,Germany,2020/2021,2021-03-24,Hoffenheim,Bayer Leverkusen,0,0
1247,Bundesliga,Germany,2020/2021,2021-02-02,Hoffenheim,Wolfsburg,1,0
1248,Bundesliga,Germany,2020/2021,2020-09-15,Hoffenheim,Eintracht Frankfurt,2,0
1249,Bundesliga,Germany,2020/2021,2021-03-12,Hoffenheim,Borussia Monchengladbach,4,0
1250,Bundesliga,Germany,2020/2021,2020-09-24,Hoffenheim,Stuttgart,0,0
1251,Bundesliga,Germany,2020/2021,2020-12-03,Hoffenheim,Mainz,2,0
1252,Bundesliga,Germany,2020/2021,2021-03-12,Mainz,Bayern Munich,2,1
1253,Bundesliga,Germany,2020/2021,2021-02-22,Mainz,Borussia Dortmund,2,0
1254,Bundesliga,Germany,2020/2021,2021-04-26,Mainz,RB Leipzig,2,0
1255,Bundesliga,Germany,2020/2021,2020-09-10,Mainz,Bayer Leverkusen,3,0
1256,Bundesliga,Germany,2020/2021,2021-02-19,Mainz,Wolfsburg,3,1
1257,Bundesliga,Germany,2020/2021,2021-01-06,Mainz,Eintracht Frankfurt,4,1
1258,Bundesliga,Germany,2020/2021,2021-01-21,Mainz,Borussia Monchengladbach,1,2
1259,Bundesliga,Germany,2020/2021,2020-11-22,Mainz,Stuttgart,2,0
1260,Bundesliga,Germany,2020/2021,2021-01-18,Mainz,Hoffenheim,1,1
1261,Ligue 1,France,2020/2021,2020-10-26,PSG,Marseille,1,0
1262,Ligue 1,France,2020/2021,2020-09-09,PSG,Lyon,3,1
1263,Ligue 1,France,2020/2021,2021-04-19,PSG,Monaco,2,1
1264,Ligue 1,France,2020/2021,2020-09-28,PSG,Lille,1,1
1265,Ligue 1,France,2020/2021,2021-04-19,PSG,Nice,4,0
1266,Ligue 1,France,2020/2021,2020-11-08,PSG,Rennes,1,2
1267,Ligue 1,France,2020/2021,2021-01-26,PSG,Lens,1,0
1268,Ligue 1,France,2020/2021,2021-01-27,PSG,Montpellier,1,0
1269,Ligue 1,France,2020/2021,2020-10-15,PSG,Strasbourg,0,2
1270,Ligue 1,France,2020/2021,2020-11-29,Marseille,PSG,1,2
1271,Ligue 1,France,2020/2021,2020-09-22,Marseille,Lyon,0,2
1272,Ligue 1,France,2020/2021,2020-10-14,Marseille,Monaco,1,1
1273,Ligue 1,France,2020/2021,2020-12-10,Marseille,Lille,3,4
1274,Ligue 1,France,2020/2021,2020-11-10,Marseille,Nice,3,2
1275,Ligue 1,France,2020/2021,2020-10-28,Marseille,Rennes,1,0
1276,Ligue 1,France,2020/2021,2020-10-18,Marseille,Lens,2,0
1277,Ligue 1,France,2020/2021,2020-09-08,Marseille,Montpellier,1,0
1278,Ligue 1,France,2020/2021,2020-10-30,Marseille,Strasbourg,0,3
1279,Ligue 1,France,2020/2021,2021-04-10,Lyon,PSG,0,1
1280,Ligue 1,France,2020/2021,2021-03-26,Lyon,Marseille,1,2
1281,Ligue 1,France,2020/2021,2021-03-18,Lyon,Monaco,1,1
1282,Ligue 1,France,2020/2021,2021-01-13,Lyon,Lille,2,2
1283,Ligue 1,France,2020/2021,2021-01-09,Lyon,Nice,1,4
1284,Ligue 1,France,2020/2021,2020-10-17,Lyon,Rennes,1,1
1285,Ligue 1,France,2020/2021,2021-03-14,Lyon,Lens,0,3
1286,Ligue 1,France,2020/2021,2020-09-04,Lyon,Montpellier,0,0
1287,Ligue 1,France,2020/2021,2021-03-29,Lyon,Strasbourg,1,1
1288,Ligue 1,France,2020/2021,2021-03-15,Monaco,PSG,1,1
1289,Ligue 1,France,2020/2021,2021-01-03,Monaco,Marseille,1,2
1290,Ligue 1,France,2020/2021,2020-12-19,Monaco,Lyon,2,1
1291,Ligue 1,France,2020/2021,2020-08-29,Monaco,Lille,2,3
1292,Ligue 1,France,2020/2021,2021-01-28,Monaco,Nice,2,2
1293,Ligue 1,France,2020/2021,2021-04-17,Monaco,Rennes,3,1
1294,Ligue 1,France,2020/2021,2020-09-07,Monaco,Lens,1,2
1295,Ligue 1,France,2020/2021,2021-01-06,Monaco,Montpellier,0,0
1296,Ligue 1,France,2020/2021,2021-03-25,Monaco,Strasbourg,2,1
1297,Ligue 1,France,2020/2021,2021-03-20,Lille,PSG,0,1
1298,Ligue 1,France,2020/2021,2020-08-20,Lille,Marseille,1,2
1299,Ligue 1,France,2020/2021,2020-08-30,Lille,Lyon,1,2
1300,Ligue 1,France,2020/2021,2021-02-05,Lille,Monaco,1,2
1301,Ligue 1,France,2020/2021,2020-12-25,Lille,Nice,1,1
1302,Ligue 1,France,2020/2021,2020-09-09,Lille,Rennes,1,2
1303,Ligue 1,France,2020/2021,2020-09-16,Lille,Lens,2,0
1304,Ligue 1,France,2020/2021,2021-04-17,Lille,Montpellier,1,0
1305,Ligue 1,France,2020/2021,2021-02-13,Lille,Strasbourg,4,0
1306,Ligue 1,France,2020/2021,2021-03-25,Nice,PSG,3,1
1307,Ligue 1,France,2020/2021,2020-08-22,Nice,Marseille,0,0
1308,Ligue 1,France,2020/2021,2021-03-19,Nice,Lyon,4,0
1309,Ligue 1,France,2020/2021,2020-11-05,Nice,Monaco,1,2
1310,Ligue 1,France,2020/2021,2021-01-12,Nice,Lille,0,0
1311,Ligue 1,France,2020/2021,2021-04-01,Nice,Rennes,3,1
1312,Ligue 1,France,2020/2021,2021-04-14,Nice,Lens,0,2
1313,Ligue 1,France,2020/2021,2020-10-17,Nice,Montpellier,2,2
1314,Ligue 1,France,2020/2021,2020-09-01,Nice,Strasbourg,0,0
1315,Ligue 1,France,2020/2021,2021-03-19,Rennes,PSG,0,0
1316,Ligue 1,France,2020/2021,2020-09-22,Rennes,Marseille,2,1
1317,Ligue 1,France,2020/2021,2021-01-23,Rennes,Lyon,1,1
1318,Ligue 1,France,2020/2021,2020-09-13,Rennes,Monaco,1,1
1319,Ligue 1,France,2020/2021,2021-04-16,Rennes,Lille,0,0
1320,Ligue 1,France,2020/2021,2020-10-28,Rennes,Nice,1,2
1321,Ligue 1,France,2020/2021,2020-08-21,Rennes,Lens,1,0
1322,Ligue 1,France,2020/2021,2020-12-05,Rennes,Montpellier,1,0
1323,Ligue 1,France,2020/2021,2021-03-13,Rennes,Strasbourg,0,1
1324,Ligue 1,France,2020/2021,2021-03-13,Lens,PSG,2,0
1325,Ligue 1,France,2020/2021,2021-04-26,Lens,Marseille,0,4
1326,Ligue 1,France,2020/2021,2021-04-25,Lens,Lyon,0,0
1327,Ligue 1,France,2020/2021,2020-10-21,Lens,Monaco,1,0
1328,Ligue 1,France,2020/2021,2021-02-03,Lens,Lille,3,0
1329,Ligue 1,France,2020/2021,2021-02-07,Lens,Nice,2,1
1330,Ligue 1,France,2020/2021,2020-12-23,Lens,Rennes,1,1
1331,Ligue 1,France,2020/2021,2021-02-15,Lens,Montpellier,2,1
1332,Ligue 1,France,2020/2021,2021-02-26,Lens,Strasbourg,0,2
1333,Ligue 1,France,2020/2021,2021-01-21,Montpellier,PSG,1,1
1334,Ligue 1,France,2020/2021,2020-08-27,Montpellier,Marseille,3,2
1335,Ligue 1,France,2020/2021,2021-01-19,Montpellier,Lyon,2,4
1336,Ligue 1,France,2020/2021,2020-09-03,Montpellier,Monaco,3,0
1337,Ligue 1,France,2020/2021,2021-01-16,Montpellier,Lille,2,1
1338,Ligue 1,France,2020/2021,2020-09-18,Montpellier,Nice,1,1
1339,Ligue 1,France,2020/2021,2021-02-14,Montpellier,Rennes,3,0
1340,Ligue 1,France,2020/2021,2020-12-24,Montpellier,Lens,1,4
1341,Ligue 1,France,2020/2021,2020-12-08,Montpellier,Strasbourg,1,2
1342,Ligue 1,France,2020/2021,2020-10-16,Strasbourg,PSG,2,0
1343,Ligue 1,France,2020/2021,2021-01-18,Strasbourg,Marseille,2,3
1344,Ligue 1,France,2020/2021,2020-09-11,Strasbourg,Lyon,0,2
1345,Ligue 1,France,2020/2021,2020-10-12,Strasbourg,Monaco,2,2
1346,Ligue 1,France,2020/2021,2021-01-27,Strasbourg,Lille,3,1
1347,Ligue 1,France,2020/2021,2021-01-06,Strasbourg,Nice,2,1
1348,Ligue 1,France,2020/2021,2021-02-17,Strasbourg,Rennes,1,1
1349,Ligue 1,France,2020/2021,2020-10-06,Strasbourg,Lens,2,1
1350,Ligue 1,France,2020/2021,2020-09-13,Strasbourg,Montpellier,2,2
1351,Premier League,England,2021/2022,2022-01-06,Manchester United,Liverpool,2,1
1352,Premier League,England,2021/2022,2022-02-09,Manchester United,Chelsea,0,2
1353,Premier League,England,2021/2022,2022-01-16,Manchester United,Arsenal,0,0
1354,Premier League,England,2021/2022,2021-10-05,Manchester United,Manchester City,2,0
1355,Premier League,England,2021/2022,2022-04-27,Manchester United,Tottenham,1,0
1356,Premier League,England,2021/2022,2021-09-17,Manchester United,Everton,1,0
1357,Premier League,England,2021/2022,2022-03-05,Manchester United,Leicester City,3,0
1358,Premier League,England,2021/2022,2022-04-18,Manchester United,West Ham,2,1
1359,Premier League,England,2021/2022,2022-02-02,Manchester United,Newcastle,1,3
1360,Premier League,England,2021/2022,2021-08-10,Liverpool,Manchester United,3,1
1361,Premier League,England,2021/2022,2022-02-02,Liverpool,Chelsea,1,1
1362,Premier League,England,2021/2022,2022-01-06,Liverpool,Arsenal,0,2
1363,Premier League,England,2021/2022,2021-11-01,Liverpool,Manchester City,3,0
1364,Premier League,England,2021/2022,2021-11-18,Liverpool,Tottenham,5,0
1365,Premier League,England,2021/2022,2022-01-22,Liverpool,Everton,1,2
1366,Premier League,England,2021/2022,2022-04-06,Liverpool,Leicester City,1,0
1367,Premier League,England,2021/2022,2021-11-07,Liverpool,West Ham,2,1
1368,Premier League,England,2021/2022,2021-11-24,Liverpool,Newcastle,1,2
1369,Premier League,England,2021/2022,2021-10-10,Chelsea,Manchester United,1,1
1370,Premier League,England,2021/2022,2021-10-19,Chelsea,Liverpool,2,2
1371,Premier League,England,2021/2022,2021-09-09,Chelsea,Arsenal,2,0
1372,Premier League,England,2021/2022,2021-12-30,Chelsea,Manchester City,1,4
1373,Premier League,England,2021/2022,2021-09-21,Chelsea,Tottenham,0,0
1374,Premier League,England,2021/2022,2022-04-17,Chelsea,Everton,1,2
1375,Premier League,England,2021/2022,2022-04-27,Chelsea,Leicester City,4,2
1376,Premier League,England,2021/2022,2021-08-20,Chelsea,West Ham,0,0
1377,Premier League,England,2021/2022,2022-01-20,Chelsea,Newcastle,1,0
1378,Premier League,England,2021/2022,2021-10-07,Arsenal,Manchester United,1,3
1379,Premier League,England,2021/2022,2022-02-09,Arsenal,Liverpool,0,3
1380,Premier League,England,2021/2022,2021-10-18,Arsenal,Chelsea,2,1
1381,Premier League,England,2021/2022,2021-10-23,Arsenal,Manchester City,0,1
1382,Premier League,England,2021/2022,2021-11-01,Arsenal,Tottenham,2,1
1383,Premier League,England,2021/2022,2021-10-24,Arsenal,Everton,1,4
1384,Premier League,England,2021/2022,2022-03-13,Arsenal,Leicester City,4,1
1385,Premier League,England,2021/2022,2021-08-23,Arsenal,West Ham,2,0
1386,Premier League,England,2021/2022,2022-02-27,Arsenal,Newcastle,0,2
1387,Premier League,England,2021/2022,2022-02-03,Manchester City,Manchester United,2,0
1388,Premier League,England,2021/2022,2021-11-30,Manchester City,Liverpool,1,1
1389,Premier League,England,2021/2022,2022-03-16,Manchester City,Chelsea,1,0
1390,Premier League,England,2021/2022,2021-12-24,Manchester City,Arsenal,1,0
1391,Premier League,England,2021/2022,2022-03-18,Manchester City,Tottenham,1,0
1392,Premier League,England,2021/2022,2021-11-28,Manchester City,Everton,5,3
1393,Premier League,England,2021/2022,2021-12-01,Manchester City,Leicester City,1,2
1394,Premier League,England,2021/2022,2022-01-06,Manchester City,West Ham,1,1
1395,Premier League,England,2021/2022,2022-03-29,Manchester City,Newcastle,0,1
1396,Premier League,England,2021/2022,2021-11-08,Tottenham,Manchester United,3,2
1397,Premier League,England,2021/2022,2022-02-05,Tottenham,Liverpool,0,0
1398,Premier League,England,2021/2022,2022-03-14,Tottenham,Chelsea,3,0
1399,Premier League,England,2021/2022,2022-03-25,Tottenham,Arsenal,2,1
1400,Premier League,England,2021/2022,2021-12-23,Tottenham,Manchester City,2,1
1401,Premier League,England,2021/2022,2022-02-12,Tottenham,Everton,2,2
1402,Premier League,England,2021/2022,2022-04-15,Tottenham,Leicester City,0,2
1403,Premier League,England,2021/2022,2022-04-28,Tottenham,West Ham,1,1
1404,Premier League,England,2021/2022,2022-03-03,Tottenham,Newcastle,2,1
1405,Premier League,England,2021/2022,2021-10-22,Everton,Manchester United,1,0
1406,Premier League,England,2021/2022,2021-11-11,Everton,Liverpool,1,2
1407,Premier League,England,2021/2022,2021-10-10,Everton,Chelsea,1,3
1408,Premier League,England,2021/2022,2021-12-07,Everton,Arsenal,2,0
1409,Premier League,England,2021/2022,2021-08-27,Everton,Manchester City,0,2
1410,Premier League,England,2021/2022,2022-04-04,Everton,Tottenham,3,0
1411,Premier League,England,2021/2022,2022-02-07,Everton,Leicester City,2,2
1412,Premier League,England,2021/2022,2021-09-22,Everton,West Ham,2,0
1413,Premier League,England,2021/2022,2022-04-22,Everton,Newcastle,2,2
1414,Premier League,England,2021/2022,2021-10-03,Leicester City,Manchester United,0,0
1415,Premier League,England,2021/2022,2021-12-24,Leicester City,Liverpool,1,1
1416,Premier League,England,2021/2022,2021-09-12,Leicester City,Chelsea,1,1
1417,Premier League,England,2021/2022,2021-10-22,Leicester City,Arsenal,2,3
1418,Premier League,England,2021/2022,2021-12-18,Leicester City,Manchester City,1,2
1419,Premier League,England,2021/2022,2022-03-19,Leicester City,Tottenham,2,0
1420,Premier League,England,2021/2022,2022-04-20,Leicester City,Everton,3,1
1421,Premier League,England,2021/2022,2021-10-15,Leicester City,West Ham,4,0
1422,Premier League,England,2021/2022,2022-03-12,Leicester City,Newcastle,2,0
1423,Premier League,England,2021/2022,2021-09-16,West Ham,Manchester United,1,1
1424,Premier League,England,2021/2022,2021-11-22,West Ham,Liverpool,1,1
1425,Premier League,England,2021/2022,2022-03-19,West Ham,Chelsea,3,1
1426,Premier League,England,2021/2022,2022-01-26,West Ham,Arsenal,0,1
1427,Premier League,England,2021/2022,2021-08-14,West Ham,Manchester City,1,0
1428,Premier League,England,2021/2022,2022-03-01,West Ham,Tottenham,2,1
1429,Premier League,England,2021/2022,2021-08-28,West Ham,Everton,1,1
1430,Premier League,England,2021/2022,2022-02-19,West Ham,Leicester City,1,1
1431,Premier League,England,2021/2022,2022-04-15,West Ham,Newcastle,1,1
1432,Premier League,England,2021/2022,2022-02-08,Newcastle,Manchester United,4,1
1433,Premier League,England,2021/2022,2021-11-29,Newcastle,Liverpool,1,1
1434,Premier League,England,2021/2022,2022-02-14,Newcastle,Chelsea,1,3
1435,Premier League,England,2021/2022,2021-09-11,Newcastle,Arsenal,1,0
1436,Premier League,England,2021/2022,2022-02-08,Newcastle,Manchester City,3,0
1437,Premier League,England,2021/2022,2021-11-23,Newcastle,Tottenham,1,0
1438,Premier League,England,2021/2022,2021-08-15,Newcastle,Everton,1,2
1439,Premier League,England,2021/2022,2022-01-11,Newcastle,Leicester City,0,1
1440,Premier League,England,2021/2022,2021-09-20,Newcastle,West Ham,3,2
1441,La Liga,Spain,2021/2022,2022-01-19,Real Madrid,Barcelona,2,0
1442,La Liga,Spain,2021/2022,2021-10-14,Real Madrid,Atletico Madrid,1,0
1443,La Liga,Spain,2021/2022,2021-10-10,Real Madrid,Sevilla,4,0
1444,La Liga,Spain,2021/2022,2021-08-20,Real Madrid,Valencia,2,1
1445,La Liga,Spain,2021/2022,2021-12-25,Real Madrid,Villarreal,0,0
1446,La Liga,Spain,2021/2022,2022-03-30,Real Madrid,Real Sociedad,2,1
1447,La Liga,Spain,2021/2022,2021-10-11,Real Madrid,Athletic Bilbao,1,0
1448,La Liga,Spain,2021/2022,2022-03-29,Real Madrid,Real Betis,2,1
1449,La Liga,Spain,2021/2022,2022-03-18,Real Madrid,Getafe,2,2
1450,La Liga,Spain,2021/2022,2021-08-03,Barcelona,Real Madrid,1,3
1451,La Liga,Spain,2021/2022,2021-09-10,Barcelona,Atletico Madrid,1,1
1452,La Liga,Spain,2021/2022,2021-08-10,Barcelona,Sevilla,6,1
1453,La Liga,Spain,2021/2022,2021-12-10,Barcelona,Valencia,1,0
1454,La Liga,Spain,2021/2022,2021-11-19,Barcelona,Villarreal,2,1
1455,La Liga,Spain,2021/2022,2021-10-16,Barcelona,Real Sociedad,0,0
1456,La Liga,Spain,2021/2022,2022-04-28,Barcelona,Athletic Bilbao,1,2
1457,La Liga,Spain,2021/2022,2022-03-05,Barcelona,Real Betis,1,1
1458,La Liga,Spain,2021/2022,2021-09-26,Barcelona,Getafe,0,2
1459,La Liga,Spain,2021/2022,2021-12-26,Atletico Madrid,Real Madrid,1,2
1460,La Liga,Spain,2021/2022,2021-11-30,Atletico Madrid,Barcelona,3,1
1461,La Liga,Spain,2021/2022,2022-01-02,Atletico Madrid,Sevilla,0,1
1462,La Liga,Spain,2021/2022,2021-10-02,Atletico Madrid,Valencia,1,3
1463,La Liga,Spain,2021/2022,2021-08-25,Atletico Madrid,Villarreal,2,2
1464,La Liga,Spain,2021/2022,2021-12-01,Atletico Madrid,Real Sociedad,0,0
1465,La Liga,Spain,2021/2022,2022-03-03,Atletico Madrid,Athletic Bilbao,1,1
1466,La Liga,Spain,2021/2022,2022-03-23,Atletico Madrid,Real Betis,1,0
1467,La Liga,Spain,2021/2022,2021-09-02,Atletico Madrid,Getafe,3,1
1468,La Liga,Spain,2021/2022,2021-09-26,Sevilla,Real Madrid,2,0
1469,La Liga,Spain,2021/2022,2022-04-13,Sevilla,Barcelona,2,1
1470,La Liga,Spain,2021/2022,2021-08-09,Sevilla,Atletico Madrid,1,2
1471,La Liga,Spain,2021/2022,2022-04-21,Sevilla,Valencia,0,1
1472,La Liga,Spain,2021/2022,2021-12-02,Sevilla,Villarreal,2,0
1473,La Liga,Spain,2021/2022,2021-10-13,Sevilla,Real Sociedad,1,1
1474,La Liga,Spain,2021/2022,2021-12-28,Sevilla,Athletic Bilbao,1,2
1475,La Liga,Spain,2021/2022,2022-03-08,Sevilla,Real Betis,1,1
1476,La Liga,Spain,2021/2022,2021-08-01,Sevilla,Getafe,3,2
1477,La Liga,Spain,2021/2022,2022-01-28,Valencia,Real Madrid,1,0
1478,La Liga,Spain,2021/2022,2021-12-02,Valencia,Barcelona,0,0
1479,La Liga,Spain,2021/2022,2022-03-02,Valencia,Atletico Madrid,1,0
1480,La Liga,Spain,2021/2022,2021-11-04,Valencia,Sevilla,1,2
1481,La Liga,Spain,2021/2022,2021-09-13,Valencia,Villarreal,1,0
1482,La Liga,Spain,2021/2022,2022-04-26,Valencia,Real Sociedad,1,2
1483,La Liga,Spain,2021/2022,2022-02-01,Valencia,Athletic Bilbao,2,0
1484,La Liga,Spain,2021/2022,2021-09-04,Valencia,Real Betis,2,1
1485,La Liga,Spain,2021/2022,2022-04-27,Valencia,Getafe,2,0
1486,La Liga,Spain,2021/2022,2022-04-17,Villarreal,Real Madrid,1,2
1487,La Liga,Spain,2021/2022,2022-04-17,Villarreal,Barcelona,2,3
1488,La Liga,Spain,2021/2022,2021-08-11,Villarreal,Atletico Madrid,2,0
1489,La Liga,Spain,2021/2022,2022-02-16,Villarreal,Sevilla,1,2
1490,La Liga,Spain,2021/2022,2022-03-29,Villarreal,Valencia,0,1
1491,La Liga,Spain,2021/2022,2021-08-23,Villarreal,Real Sociedad,4,2
1492,La Liga,Spain,2021/2022,2022-02-15,Villarreal,Athletic Bilbao,1,2
1493,La Liga,Spain,2021/2022,2022-02-08,Villarreal,Real Betis,1,1
1494,La Liga,Spain,2021/2022,2021-12-08,Villarreal,Getafe,2,3
1495,La Liga,Spain,2021/2022,2021-08-09,Real Sociedad,Real Madrid,0,4
1496,La Liga,Spain,2021/2022,2022-01-30,Real Sociedad,Barcelona,1,0
1497,La Liga,Spain,2021/2022,2021-09-04,Real Sociedad,Atletico Madrid,0,1
1498,La Liga,Spain,2021/2022,2022-01-24,Real Sociedad,Sevilla,1,4
1499,La Liga,Spain,2021/2022,2021-12-02,Real Sociedad,Valencia,1,0
1500,La Liga,Spain,2021/2022,2021-09-23,Real Sociedad,Villarreal,3,1
1501,La Liga,Spain,2021/2022,2022-01-18,Real Sociedad,Athletic Bilbao,1,0
1502,La Liga,Spain,2021/2022,2021-10-08,Real Sociedad,Real Betis,2,2
1503,La Liga,Spain,2021/2022,2021-08-23,Real Sociedad,Getafe,0,1
1504,La Liga,Spain,2021/2022,2022-01-28,Athletic Bilbao,Real Madrid,4,1
1505,La Liga,Spain,2021/2022,2022-01-21,Athletic Bilbao,Barcelona,2,1
1506,La Liga,Spain,2021/2022,2021-10-29,Athletic Bilbao,Atletico Madrid,2,1
1507,La Liga,Spain,2021/2022,2022-03-26,Athletic Bilbao,Sevilla,2,2
1508,La Liga,Spain,2021/2022,2022-04-03,Athletic Bilbao,Valencia,0,2
1509,La Liga,Spain,2021/2022,2021-11-02,Athletic Bilbao,Villarreal,0,0
1510,La Liga,Spain,2021/2022,2021-10-09,Athletic Bilbao,Real Sociedad,3,1
1511,La Liga,Spain,2021/2022,2021-09-02,Athletic Bilbao,Real Betis,0,1
1512,La Liga,Spain,2021/2022,2022-03-23,Athletic Bilbao,Getafe,5,0
1513,La Liga,Spain,2021/2022,2021-08-19,Real Betis,Real Madrid,1,1
1514,La Liga,Spain,2021/2022,2021-12-29,Real Betis,Barcelona,0,1
1515,La Liga,Spain,2021/2022,2021-11-12,Real Betis,Atletico Madrid,1,1
1516,La Liga,Spain,2021/2022,2021-08-23,Real Betis,Sevilla,2,1
1517,La Liga,Spain,2021/2022,2021-11-11,Real Betis,Valencia,2,1
1518,La Liga,Spain,2021/2022,2021-08-22,Real Betis,Villarreal,2,0
1519,La Liga,Spain,2021/2022,2022-01-09,Real Betis,Real Sociedad,0,2
1520,La Liga,Spain,2021/2022,2022-01-06,Real Betis,Athletic Bilbao,1,1
1521,La Liga,Spain,2021/2022,2022-04-21,Real Betis,Getafe,1,0
1522,La Liga,Spain,2021/2022,2022-02-20,Getafe,Real Madrid,0,2
1523,La Liga,Spain,2021/2022,2022-03-31,Getafe,Barcelona,0,0
1524,La Liga,Spain,2021/2022,2021-12-08,Getafe,Atletico Madrid,1,1
1525,La Liga,Spain,2021/2022,2021-08-19,Getafe,Sevilla,2,3
1526,La Liga,Spain,2021/2022,2021-11-06,Getafe,Valencia,3,2
1527,La Liga,Spain,2021/2022,2021-12-25,Getafe,Villarreal,1,0
1528,La Liga,Spain,2021/2022,2022-01-30,Getafe,Real Sociedad,2,2
1529,La Liga,Spain,2021/2022,2021-08-25,Getafe,Athletic Bilbao,3,1
1530,La Liga,Spain,2021/2022,2022-01-17,Getafe,Real Betis,1,1
1531,Serie A,Italy,2021/2022,2021-12-18,Juventus,AC Milan,3,1
1532,Serie A,Italy,2021/2022,2021-10-03,Juventus,Inter Milan,1,2
1533,Serie A,Italy,2021/2022,2022-02-05,Juventus,Roma,2,1
1534,Serie A,Italy,2021/2022,2022-03-12,Juventus,Napoli,2,2
1535,Serie A,Italy,2021/2022,2022-02-21,Juventus,Lazio,2,0
1536,Serie A,Italy,2021/2022,2022-03-14,Juventus,Atalanta,2,1
1537,Serie A,Italy,2021/2022,2022-02-14,Juventus,Fiorentina,3,1
1538,Serie A,Italy,2021/2022,2022-01-21,Juventus,Torino,3,2
1539,Serie A,Italy,2021/2022,2021-11-04,Juventus,Sassuolo,2,1
1540,Serie A,Italy,2021/2022,2022-04-12,AC Milan,Juventus,0,2
1541,Serie A,Italy,2021/2022,2022-04-12,AC Milan,Inter Milan,4,1
1542,Serie A,Italy,2021/2022,2022-02-05,AC Milan,Roma,1,0
1543,Serie A,Italy,2021/2022,2022-04-23,AC Milan,Napoli,1,2
1544,Serie A,Italy,2021/2022,2021-12-15,AC Milan,Lazio,1,0
1545,Serie A,Italy,2021/2022,2021-09-12,AC Milan,Atalanta,4,1
1546,Serie A,Italy,2021/2022,2022-03-06,AC Milan,Fiorentina,0,1
1547,Serie A,Italy,2021/2022,2021-09-10,AC Milan,Torino,2,2
1548,Serie A,Italy,2021/2022,2022-03-09,AC Milan,Sassuolo,1,1
1549,Serie A,Italy,2021/2022,2021-11-01,Inter Milan,Juventus,3,3
1550,Serie A,Italy,2021/2022,2021-12-29,Inter Milan,AC Milan,1,0
1551,Serie A,Italy,2021/2022,2022-01-12,Inter Milan,Roma,2,3
1552,Serie A,Italy,2021/2022,2021-09-22,Inter Milan,Napoli,2,0
1553,Serie A,Italy,2021/2022,2021-09-10,Inter Milan,Lazio,0,2
1554,Serie A,Italy,2021/2022,2022-01-15,Inter Milan,Atalanta,0,1
1555,Serie A,Italy,2021/2022,2021-12-30,Inter Milan,Fiorentina,1,0
1556,Serie A,Italy,2021/2022,2022-01-04,Inter Milan,Torino,1,1
1557,Serie A,Italy,2021/2022,2022-03-17,Inter Milan,Sassuolo,2,2
1558,Serie A,Italy,2021/2022,2022-03-07,Roma,Juventus,0,2
1559,Serie A,Italy,2021/2022,2021-10-25,Roma,AC Milan,0,0
1560,Serie A,Italy,2021/2022,2022-03-16,Roma,Inter Milan,1,1
1561,Serie A,Italy,2021/2022,2022-01-27,Roma,Napoli,3,0
1562,Serie A,Italy,2021/2022,2022-03-17,Roma,Lazio,0,1
1563,Serie A,Italy,2021/2022,2021-08-22,Roma,Atalanta,1,1
1564,Serie A,Italy,2021/2022,2022-01-28,Roma,Fiorentina,1,1
1565,Serie A,Italy,2021/2022,2022-03-11,Roma,Torino,1,2
1566,Serie A,Italy,2021/2022,2021-12-19,Roma,Sassuolo,1,2
1567,Serie A,Italy,2021/2022,2021-08-30,Napoli,Juventus,1,1
1568,Serie A,Italy,2021/2022,2021-09-08,Napoli,AC Milan,3,1
1569,Serie A,Italy,2021/2022,2022-02-24,Napoli,Inter Milan,1,0
1570,Serie A,Italy,2021/2022,2022-02-03,Napoli,Roma,0,1
1571,Serie A,Italy,2021/2022,2022-04-20,Napoli,Lazio,1,3
1572,Serie A,Italy,2021/2022,2021-10-21,Napoli,Atalanta,1,0
1573,Serie A,Italy,2021/2022,2021-08-16,Napoli,Fiorentina,3,2
1574,Serie A,Italy,2021/2022,2021-10-13,Napoli,Torino,1,3
1575,Serie A,Italy,2021/2022,2022-03-13,Napoli,Sassuolo,0,1
1576,Serie A,Italy,2021/2022,2021-08-18,Lazio,Juventus,0,3
1577,Serie A,Italy,2021/2022,2021-10-04,Lazio,AC Milan,3,2
1578,Serie A,Italy,2021/2022,2021-09-04,Lazio,Inter Milan,2,3
1579,Serie A,Italy,2021/2022,2021-11-29,Lazio,Roma,1,0
1580,Serie A,Italy,2021/2022,2022-02-04,Lazio,Napoli,1,1
1581,Serie A,Italy,2021/2022,2022-02-02,Lazio,Atalanta,1,3
1582,Serie A,Italy,2021/2022,2022-02-13,Lazio,Fiorentina,0,1
1583,Serie A,Italy,2021/2022,2021-08-17,Lazio,Torino,2,2
1584,Serie A,Italy,2021/2022,2021-10-18,Lazio,Sassuolo,0,0
1585,Serie A,Italy,2021/2022,2022-03-19,Atalanta,Juventus,2,0
1586,Serie A,Italy,2021/2022,2022-02-06,Atalanta,AC Milan,2,1
1587,Serie A,Italy,2021/2022,2022-02-07,Atalanta,Inter Milan,2,1
1588,Serie A,Italy,2021/2022,2022-03-16,Atalanta,Roma,1,2
1589,Serie A,Italy,2021/2022,2021-09-09,Atalanta,Napoli,1,0
1590,Serie A,Italy,2021/2022,2021-10-10,Atalanta,Lazio,1,1
1591,Serie A,Italy,2021/2022,2022-02-04,Atalanta,Fiorentina,1,1
1592,Serie A,Italy,2021/2022,2022-02-20,Atalanta,Torino,1,1
1593,Serie A,Italy,2021/2022,2022-01-08,Atalanta,Sassuolo,1,0
1594,Serie A,Italy,2021/2022,2021-12-21,Fiorentina,Juventus,0,1
1595,Serie A,Italy,2021/2022,2021-12-06,Fiorentina,AC Milan,1,0
1596,Serie A,Italy,2021/2022,2021-09-28,Fiorentina,Inter Milan,1,0
1597,Serie A,Italy,2021/2022,2021-08-14,Fiorentina,Roma,1,2
1598,Serie A,Italy,2021/2022,2021-11-04,Fiorentina,Napoli,1,1
1599,Serie A,Italy,2021/2022,2022-04-13,Fiorentina,Lazio,1,3
1600,Serie A,Italy,2021/2022,2022-04-23,Fiorentina,Atalanta,1,1
1601,Serie A,Italy,2021/2022,2022-02-15,Fiorentina,Torino,2,2
1602,Serie A,Italy,2021/2022,2021-09-30,Fiorentina,Sassuolo,1,1
1603,Serie A,Italy,2021/2022,2021-12-13,Torino,Juventus,2,2
1604,Serie A,Italy,2021/2022,2021-12-12,Torino,AC Milan,2,0
1605,Serie A,Italy,2021/2022,2022-03-17,Torino,Inter Milan,1,1
1606,Serie A,Italy,2021/2022,2021-11-18,Torino,Roma,3,0
1607,Serie A,Italy,2021/2022,2021-12-25,Torino,Napoli,1,2
1608,Serie A,Italy,2021/2022,2022-04-09,Torino,Lazio,0,1
1609,Serie A,Italy,2021/2022,2021-11-11,Torino,Atalanta,3,0
1610,Serie A,Italy,2021/2022,2021-10-02,Torino,Fiorentina,2,1
1611,Serie A,Italy,2021/2022,2021-10-09,Torino,Sassuolo,3,0
1612,Serie A,Italy,2021/2022,2021-09-07,Sassuolo,Juventus,2,0
1613,Serie A,Italy,2021/2022,2022-03-20,Sassuolo,AC Milan,1,1
1614,Serie A,Italy,2021/2022,2021-10-28,Sassuolo,Inter Milan,2,2
1615,Serie A,Italy,2021/2022,2022-03-16,Sassuolo,Roma,1,0
1616,Serie A,Italy,2021/2022,2021-09-14,Sassuolo,Napoli,0,0
1617,Serie A,Italy,2021/2022,2022-01-11,Sassuolo,Lazio,4,1
1618,Serie A,Italy,2021/2022,2022-01-25,Sassuolo,Atalanta,0,0
1619,Serie A,Italy,2021/2022,2021-09-03,Sassuolo,Fiorentina,2,0
1620,Serie A,Italy,2021/2022,2021-12-27,Sassuolo,Torino,1,3
1621,Bundesliga,Germany,2021/2022,2022-01-01,Bayern Munich,Borussia Dortmund,2,1
1622,Bundesliga,Germany,2021/2022,2021-10-20,Bayern Munich,RB Leipzig,2,2
1623,Bundesliga,Germany,2021/2022,2021-10-29,Bayern Munich,Bayer Leverkusen,4,1
1624,Bundesliga,Germany,2021/2022,2022-02-02,Bayern Munich,Wolfsburg,1,0
1625,Bundesliga,Germany,2021/2022,2022-04-18,Bayern Munich,Eintracht Frankfurt,1,0
1626,Bundesliga,Germany,2021/2022,2021-11-23,Bayern Munich,Borussia Monchengladbach,4,1
1627,Bundesliga,Germany,2021/2022,2021-10-02,Bayern Munich,Stuttgart,0,2
1628,Bundesliga,Germany,2021/2022,2021-11-11,Bayern Munich,Hoffenheim,2,0
1629,Bundesliga,Germany,2021/2022,2021-10-11,Bayern Munich,Mainz,3,1
1630,Bundesliga,Germany,2021/2022,2021-11-30,Borussia Dortmund,Bayern Munich,0,1
1631,Bundesliga,Germany,2021/2022,2022-04-10,Borussia Dortmund,RB Leipzig,1,2
1632,Bundesliga,Germany,2021/2022,2021-08-14,Borussia Dortmund,Bayer Leverkusen,1,1
1633,Bundesliga,Germany,2021/2022,2022-02-01,Borussia Dortmund,Wolfsburg,0,1
1634,Bundesliga,Germany,2021/2022,2022-02-05,Borussia Dortmund,Eintracht Frankfurt,2,1
1635,Bundesliga,Germany,2021/2022,2022-03-28,Borussia Dortmund,Borussia Monchengladbach,4,0
1636,Bundesliga,Germany,2021/2022,2021-10-06,Borussia Dortmund,Stuttgart,3,2
1637,Bundesliga,Germany,2021/2022,2021-09-14,Borussia Dortmund,Hoffenheim,2,2
1638,Bundesliga,Germany,2021/2022,2021-09-03,Borussia Dortmund,Mainz,1,0
1639,Bundesliga,Germany,2021/2022,2022-01-06,RB Leipzig,Bayern Munich,0,1
1640,Bundesliga,Germany,2021/2022,2022-02-20,RB Leipzig,Borussia Dortmund,1,0
1641,Bundesliga,Germany,2021/2022,2022-04-03,RB Leipzig,Bayer Leverkusen,2,1
1642,Bundesliga,Germany,2021/2022,2022-04-27,RB Leipzig,Wolfsburg,0,0
1643,Bundesliga,Germany,2021/2022,2022-02-27,RB Leipzig,Eintracht Frankfurt,0,4
1644,Bundesliga,Germany,2021/2022,2022-02-26,RB Leipzig,Borussia Monchengladbach,2,2
1645,Bundesliga,Germany,2021/2022,2021-09-07,RB Leipzig,Stuttgart,1,3
1646,Bundesliga,Germany,2021/2022,2021-10-04,RB Leipzig,Hoffenheim,3,1
1647,Bundesliga,Germany,2021/2022,2022-01-10,RB Leipzig,Mainz,2,0
1648,Bundesliga,Germany,2021/2022,2021-09-07,Bayer Leverkusen,Bayern Munich,3,0
1649,Bundesliga,Germany,2021/2022,2022-03-19,Bayer Leverkusen,Borussia Dortmund,2,1
1650,Bundesliga,Germany,2021/2022,2022-03-27,Bayer Leverkusen,RB Leipzig,0,1
1651,Bundesliga,Germany,2021/2022,2022-04-22,Bayer Leverkusen,Wolfsburg,3,1
1652,Bundesliga,Germany,2021/2022,2022-01-24,Bayer Leverkusen,Eintracht Frankfurt,2,1
1653,Bundesliga,Germany,2021/2022,2021-10-05,Bayer Leverkusen,Borussia Monchengladbach,0,0
1654,Bundesliga,Germany,2021/2022,2021-11-02,Bayer Leverkusen,Stuttgart,3,0
1655,Bundesliga,Germany,2021/2022,2021-10-06,Bayer Leverkusen,Hoffenheim,1,1
1656,Bundesliga,Germany,2021/2022,2022-03-10,Bayer Leverkusen,Mainz,1,3
1657,Bundesliga,Germany,2021/2022,2022-04-15,Wolfsburg,Bayern Munich,1,2
1658,Bundesliga,Germany,2021/2022,2021-08-29,Wolfsburg,Borussia Dortmund,0,2
1659,Bundesliga,Germany,2021/2022,2021-10-03,Wolfsburg,RB Leipzig,1,0
1660,Bundesliga,Germany,2021/2022,2022-04-23,Wolfsburg,Bayer Leverkusen,1,2
1661,Bundesliga,Germany,2021/2022,2021-10-18,Wolfsburg,Eintracht Frankfurt,1,1
1662,Bundesliga,Germany,2021/2022,2022-01-03,Wolfsburg,Borussia Monchengladbach,1,1
1663,Bundesliga,Germany,2021/2022,2021-10-24,Wolfsburg,Stuttgart,0,1
1664,Bundesliga,Germany,2021/2022,2021-10-22,Wolfsburg,Hoffenheim,1,1
1665,Bundesliga,Germany,2021/2022,2022-01-13,Wolfsburg,Mainz,1,1
1666,Bundesliga,Germany,2021/2022,2021-11-24,Eintracht Frankfurt,Bayern Munich,2,1
1667,Bundesliga,Germany,2021/2022,2022-01-25,Eintracht Frankfurt,Borussia Dortmund,2,1
1668,Bundesliga,Germany,2021/2022,2022-04-23,Eintracht Frankfurt,RB Leipzig,1,2
1669,Bundesliga,Germany,2021/2022,2021-12-24,Eintracht Frankfurt,Bayer Leverkusen,1,1
1670,Bundesliga,Germany,2021/2022,2021-09-10,Eintracht Frankfurt,Wolfsburg,3,1
1671,Bundesliga,Germany,2021/2022,2021-12-07,Eintracht Frankfurt,Borussia Monchengladbach,1,2
1672,Bundesliga,Germany,2021/2022,2021-11-09,Eintracht Frankfurt,Stuttgart,1,2
1673,Bundesliga,Germany,2021/2022,2021-12-19,Eintracht Frankfurt,Hoffenheim,2,0
1674,Bundesliga,Germany,2021/2022,2021-10-04,Eintracht Frankfurt,Mainz,1,0
1675,Bundesliga,Germany,2021/2022,2022-01-03,Borussia Monchengladbach,Bayern Munich,1,0
1676,Bundesliga,Germany,2021/2022,2021-09-17,Borussia Monchengladbach,Borussia Dortmund,2,0
1677,Bundesliga,Germany,2021/2022,2022-04-15,Borussia Monchengladbach,RB Leipzig,2,0
1678,Bundesliga,Germany,2021/2022,2021-10-26,Borussia Monchengladbach,Bayer Leverkusen,0,0
1679,Bundesliga,Germany,2021/2022,2021-10-18,Borussia Monchengladbach,Wolfsburg,0,1
1680,Bundesliga,Germany,2021/2022,2021-10-27,Borussia Monchengladbach,Eintracht Frankfurt,1,3
1681,Bundesliga,Germany,2021/2022,2022-01-20,Borussia Monchengladbach,Stuttgart,1,2
1682,Bundesliga,Germany,2021/2022,2021-08-22,Borussia Monchengladbach,Hoffenheim,2,0
1683,Bundesliga,Germany,2021/2022,2021-08-15,Borussia Monchengladbach,Mainz,0,1
1684,Bundesliga,Germany,2021/2022,2021-09-11,Stuttgart,Bayern Munich,1,1
1685,Bundesliga,Germany,2021/2022,2021-08-24,Stuttgart,Borussia Dortmund,3,1
1686,Bundesliga,Germany,2021/2022,2021-12-14,Stuttgart,RB Leipzig,3,1
1687,Bundesliga,Germany,2021/2022,2021-11-16,Stuttgart,Bayer Leverkusen,0,1
1688,Bundesliga,Germany,2021/2022,2022-03-02,Stuttgart,Wolfsburg,2,1
1689,Bundesliga,Germany,2021/2022,2021-08-16,Stuttgart,Eintracht Frankfurt,1,0
1690,Bundesliga,Germany,2021/2022,2022-04-12,Stuttgart,Borussia Monchengladbach,0,0
1691,Bundesliga,Germany,2021/2022,2021-12-27,Stuttgart,Hoffenheim,0,1
1692,Bundesliga,Germany,2021/2022,2022-01-02,Stuttgart,Mainz,1,1
1693,Bundesliga,Germany,2021/2022,2022-04-05,Hoffenheim,Bayern Munich,0,1
1694,Bundesliga,Germany,2021/2022,2021-12-04,Hoffenheim,Borussia Dortmund,4,1
1695,Bundesliga,Germany,2021/2022,2022-02-24,Hoffenheim,RB Leipzig,0,0
1696,Bundesliga,Germany,2021/2022,2021-12-31,Hoffenheim,Bayer Leverkusen,2,0
1697,Bundesliga,Germany,2021/2022,2022-03-21,Hoffenheim,Wolfsburg,1,1
1698,Bundesliga,Germany,2021/2022,2021-09-07,Hoffenheim,Eintracht Frankfurt,1,2
1699,Bundesliga,Germany,2021/2022,2021-08-31,Hoffenheim,Borussia Monchengladbach,3,0
1700,Bundesliga,Germany,2021/2022,2021-10-20,Hoffenheim,Stuttgart,2,0
1701,Bundesliga,Germany,2021/2022,2022-03-14,Hoffenheim,Mainz,1,1
1702,Bundesliga,Germany,2021/2022,2022-03-01,Mainz,Bayern Munich,2,2
1703,Bundesliga,Germany,2021/2022,2022-04-05,Mainz,Borussia Dortmund,0,0
1704,Bundesliga,Germany,2021/2022,2022-03-26,Mainz,RB Leipzig,1,0
1705,Bundesliga,Germany,2021/2022,2021-11-13,Mainz,Bayer Leverkusen,0,1
1706,Bundesliga,Germany,2021/2022,2022-01-22,Mainz,Wolfsburg,1,0
1707,Bundesliga,Germany,2021/2022,2021-10-13,Mainz,Eintracht Frankfurt,2,2
1708,Bundesliga,Germany,2021/2022,2022-01-08,Mainz,Borussia Monchengladbach,3,0
1709,Bundesliga,Germany,2021/2022,2022-01-11,Mainz,Stuttgart,0,1
1710,Bundesliga,Germany,2021/2022,2022-01-24,Mainz,Hoffenheim,1,1
1711,Ligue 1,France,2021/2022,2022-02-21,PSG,Marseille,1,1
1712,Ligue 1,France,2021/2022,2021-10-06,PSG,Lyon,3,1
1713,Ligue 1,France,2021/2022,2022-02-06,PSG,Monaco,1,3
1714,Ligue 1,France,2021/2022,2022-04-21,PSG,Lille,0,0
1715,Ligue 1,France,2021/2022,2021-09-24,PSG,Nice,2,1
1716,Ligue 1,France,2021/2022,2022-01-11,PSG,Rennes,0,0
1717,Ligue 1,France,2021/2022,2021-12-02,PSG,Lens,0,3
1718,Ligue 1,France,2021/2022,2022-03-27,PSG,Montpellier,0,2
1719,Ligue 1,France,2021/2022,2021-10-02,PSG,Strasbourg,4,0
1720,Ligue 1,France,2021/2022,2021-12-15,Marseille,PSG,1,2
1721,Ligue 1,France,2021/2022,2022-03-19,Marseille,Lyon,3,0
1722,Ligue 1,France,2021/2022,2021-12-05,Marseille,Monaco,1,0
1723,Ligue 1,France,2021/2022,2021-10-12,Marseille,Lille,1,2
1724,Ligue 1,France,2021/2022,2021-09-19,Marseille,Nice,2,2
1725,Ligue 1,France,2021/2022,2021-08-26,Marseille,Rennes,1,1
1726,Ligue 1,France,2021/2022,2021-12-27,Marseille,Lens,3,2
1727,Ligue 1,France,2021/2022,2022-02-13,Marseille,Montpellier,3,2
1728,Ligue 1,France,2021/2022,2022-03-03,Marseille,Strasbourg,1,1
1729,Ligue 1,France,2021/2022,2021-12-06,Lyon,PSG,2,1
1730,Ligue 1,France,2021/2022,2021-10-21,Lyon,Marseille,0,1
1731,Ligue 1,France,2021/2022,2022-01-15,Lyon,Monaco,2,2
1732,Ligue 1,France,2021/2022,2022-01-08,Lyon,Lille,0,2
1733,Ligue 1,France,2021/2022,2021-11-06,Lyon,Nice,1,1
1734,Ligue 1,France,2021/2022,2021-10-21,Lyon,Rennes,0,0
1735,Ligue 1,France,2021/2022,2022-04-13,Lyon,Lens,3,1
1736,Ligue 1,France,2021/2022,2022-04-21,Lyon,Montpellier,2,0
1737,Ligue 1,France,2021/2022,2022-03-28,Lyon,Strasbourg,1,1
1738,Ligue 1,France,2021/2022,2022-04-13,Monaco,PSG,1,1
1739,Ligue 1,France,2021/2022,2022-01-05,Monaco,Marseille,1,3
1740,Ligue 1,France,2021/2022,2022-04-12,Monaco,Lyon,2,1
1741,Ligue 1,France,2021/2022,2021-08-12,Monaco,Lille,0,0
1742,Ligue 1,France,2021/2022,2021-09-16,Monaco,Nice,0,4
1743,Ligue 1,France,2021/2022,2022-02-18,Monaco,Rennes,3,3
1744,Ligue 1,France,2021/2022,2022-04-16,Monaco,Lens,0,1
1745,Ligue 1,France,2021/2022,2022-03-23,Monaco,Montpellier,3,2
1746,Ligue 1,France,2021/2022,2021-12-02,Monaco,Strasbourg,3,1
1747,Ligue 1,France,2021/2022,2021-11-19,Lille,PSG,2,1
1748,Ligue 1,France,2021/2022,2022-01-28,Lille,Marseille,0,1
1749,Ligue 1,France,2021/2022,2021-08-25,Lille,Lyon,1,1
1750,Ligue 1,France,2021/2022,2021-08-26,Lille,Monaco,0,0
1751,Ligue 1,France,2021/2022,2021-12-23,Lille,Nice,2,3
1752,Ligue 1,France,2021/2022,2022-04-11,Lille,Rennes,1,2
1753,Ligue 1,France,2021/2022,2022-03-29,Lille,Lens,1,2
1754,Ligue 1,France,2021/2022,2021-12-25,Lille,Montpellier,1,1
1755,Ligue 1,France,2021/2022,2021-08-05,Lille,Strasbourg,1,2
1756,Ligue 1,France,2021/2022,2021-09-25,Nice,PSG,2,1
1757,Ligue 1,France,2021/2022,2022-03-09,Nice,Marseille,3,1
1758,Ligue 1,France,2021/2022,2021-10-08,Nice,Lyon,1,0
1759,Ligue 1,France,2021/2022,2021-12-14,Nice,Monaco,2,3
1760,Ligue 1,France,2021/2022,2022-02-04,Nice,Lille,1,0
1761,Ligue 1,France,2021/2022,2022-02-23,Nice,Rennes,1,0
1762,Ligue 1,France,2021/2022,2022-02-04,Nice,Lens,0,0
1763,Ligue 1,France,2021/2022,2021-08-24,Nice,Montpellier,0,1
1764,Ligue 1,France,2021/2022,2022-02-22,Nice,Strasbourg,0,0
1765,Ligue 1,France,2021/2022,2021-08-27,Rennes,PSG,2,2
1766,Ligue 1,France,2021/2022,2021-11-08,Rennes,Marseille,0,1
1767,Ligue 1,France,2021/2022,2022-02-02,Rennes,Lyon,1,1
1768,Ligue 1,France,2021/2022,2021-12-26,Rennes,Monaco,0,2
1769,Ligue 1,France,2021/2022,2021-09-07,Rennes,Lille,1,0
1770,Ligue 1,France,2021/2022,2022-02-14,Rennes,Nice,0,1
1771,Ligue 1,France,2021/2022,2022-04-16,Rennes,Lens,0,1
1772,Ligue 1,France,2021/2022,2022-03-19,Rennes,Montpellier,1,1
1773,Ligue 1,France,2021/2022,2021-12-22,Rennes,Strasbourg,1,2
1774,Ligue 1,France,2021/2022,2021-09-30,Lens,PSG,0,2
1775,Ligue 1,France,2021/2022,2021-10-05,Lens,Marseille,1,2
1776,Ligue 1,France,2021/2022,2021-09-19,Lens,Lyon,2,0
1777,Ligue 1,France,2021/2022,2022-02-18,Lens,Monaco,3,0
1778,Ligue 1,France,2021/2022,2022-02-08,Lens,Lille,2,1
1779,Ligue 1,France,2021/2022,2022-01-21,Lens,Nice,1,5
1780,Ligue 1,France,2021/2022,2022-02-04,Lens,Rennes,2,0
1781,Ligue 1,France,2021/2022,2021-10-13,Lens,Montpellier,3,0
1782,Ligue 1,France,2021/2022,2021-11-10,Lens,Strasbourg,1,1
1783,Ligue 1,France,2021/2022,2022-04-18,Montpellier,PSG,2,1
1784,Ligue 1,France,2021/2022,2022-02-22,Montpellier,Marseille,0,0
1785,Ligue 1,France,2021/2022,2022-04-14,Montpellier,Lyon,3,1
1786,Ligue 1,France,2021/2022,2021-08-21,Montpellier,Monaco,0,2
1787,Ligue 1,France,2021/2022,2021-08-24,Montpellier,Lille,1,2
1788,Ligue 1,France,2021/2022,2021-08-20,Montpellier,Nice,0,3
1789,Ligue 1,France,2021/2022,2021-10-10,Montpellier,Rennes,0,3
1790,Ligue 1,France,2021/2022,2022-01-18,Montpellier,Lens,0,2
1791,Ligue 1,France,2021/2022,2022-03-31,Montpellier,Strasbourg,1,0
1792,Ligue 1,France,2021/2022,2022-04-23,Strasbourg,PSG,0,0
1793,Ligue 1,France,2021/2022,2022-03-22,Strasbourg,Marseille,1,1
1794,Ligue 1,France,2021/2022,2021-10-16,Strasbourg,Lyon,1,1
1795,Ligue 1,France,2021/2022,2022-04-21,Strasbourg,Monaco,2,2
1796,Ligue 1,France,2021/2022,2021-10-11,Strasbourg,Lille,1,1
1797,Ligue 1,France,2021/2022,2022-01-15,Strasbourg,Nice,1,3
1798,Ligue 1,France,2021/2022,2022-01-11,Strasbourg,Rennes,2,3
1799,Ligue 1,France,2021/2022,2021-10-23,Strasbourg,Lens,3,0
1800,Ligue 1,France,2021/2022,2022-02-18,Strasbourg,Montpellier,4,2
1801,Premier League,England,2022/2023,2023-01-01,Manchester United,Liverpool,0,2
1802,Premier League,England,2022/2023,2023-01-20,Manchester United,Chelsea,1,1
1803,Premier League,England,2022/2023,2023-04-17,Manchester United,Arsenal,0,1
1804,Premier League,England,2022/2023,2023-04-18,Manchester United,Manchester City,1,2
1805,Premier League,England,2022/2023,2023-04-08,Manchester United,Tottenham,2,0
1806,Premier League,England,2022/2023,2023-01-01,Manchester United,Everton,1,2
1807,Premier League,England,2022/2023,2023-04-01,Manchester United,Leicester City,0,0
1808,Premier League,England,2022/2023,2022-08-09,Manchester United,West Ham,2,0
1809,Premier League,England,2022/2023,2023-02-05,Manchester United,Newcastle,2,2
1810,Premier League,England,2022/2023,2023-01-17,Liverpool,Manchester United,1,1
1811,Premier League,England,2022/2023,2022-09-26,Liverpool,Chelsea,5,4
1812,Premier League,England,2022/2023,2023-03-02,Liverpool,Arsenal,2,0
1813,Premier League,England,2022/2023,2023-01-05,Liverpool,Manchester City,1,1
1814,Premier League,England,2022/2023,2022-08-14,Liverpool,Tottenham,2,0
1815,Premier League,England,2022/2023,2023-03-31,Liverpool,Everton,0,3
1816,Premier League,England,2022/2023,2022-12-14,Liverpool,Leicester City,1,0
1817,Premier League,England,2022/2023,2022-11-25,Liverpool,West Ham,0,0
1818,Premier League,England,2022/2023,2022-08-27,Liverpool,Newcastle,1,2
1819,Premier League,England,2022/2023,2023-04-03,Chelsea,Manchester United,0,1
1820,Premier League,England,2022/2023,2022-10-27,Chelsea,Liverpool,2,1
1821,Premier League,England,2022/2023,2023-04-26,Chelsea,Arsenal,2,0
1822,Premier League,England,2022/2023,2023-02-11,Chelsea,Manchester City,2,3
1823,Premier League,England,2022/2023,2022-10-15,Chelsea,Tottenham,2,2
1824,Premier League,England,2022/2023,2022-12-03,Chelsea,Everton,0,1
1825,Premier League,England,2022/2023,2022-08-17,Chelsea,Leicester City,4,2
1826,Premier League,England,2022/2023,2022-09-26,Chelsea,West Ham,2,0
1827,Premier League,England,2022/2023,2022-11-06,Chelsea,Newcastle,0,0
1828,Premier League,England,2022/2023,2022-08-10,Arsenal,Manchester United,1,2
1829,Premier League,England,2022/2023,2023-03-14,Arsenal,Liverpool,3,0
1830,Premier League,England,2022/2023,2023-01-08,Arsenal,Chelsea,4,1
1831,Premier League,England,2022/2023,2023-03-03,Arsenal,Manchester City,0,1
1832,Premier League,England,2022/2023,2022-10-17,Arsenal,Tottenham,2,3
1833,Premier League,England,2022/2023,2023-02-28,Arsenal,Everton,1,1
1834,Premier League,England,2022/2023,2022-11-13,Arsenal,Leicester City,1,1
1835,Premier League,England,2022/2023,2023-02-27,Arsenal,West Ham,2,0
1836,Premier League,England,2022/2023,2023-04-14,Arsenal,Newcastle,3,0
1837,Premier League,England,2022/2023,2023-03-30,Manchester City,Manchester United,4,1
1838,Premier League,England,2022/2023,2022-09-01,Manchester City,Liverpool,2,2
1839,Premier League,England,2022/2023,2022-10-10,Manchester City,Chelsea,2,2
1840,Premier League,England,2022/2023,2023-04-23,Manchester City,Arsenal,1,3
1841,Premier League,England,2022/2023,2022-11-15,Manchester City,Tottenham,3,2
1842,Premier League,England,2022/2023,2023-01-14,Manchester City,Everton,1,1
1843,Premier League,England,2022/2023,2023-04-02,Manchester City,Leicester City,2,1
1844,Premier League,England,2022/2023,2023-04-27,Manchester City,West Ham,3,3
1845,Premier League,England,2022/2023,2023-02-09,Manchester City,Newcastle,3,0
1846,Premier League,England,2022/2023,2023-01-08,Tottenham,Manchester United,1,0
1847,Premier League,England,2022/2023,2022-10-28,Tottenham,Liverpool,2,1
1848,Premier League,England,2022/2023,2023-03-24,Tottenham,Chelsea,1,0
1849,Premier League,England,2022/2023,2023-01-23,Tottenham,Arsenal,2,1
1850,Premier League,England,2022/2023,2023-01-29,Tottenham,Manchester City,4,0
1851,Premier League,England,2022/2023,2022-12-14,Tottenham,Everton,3,1
1852,Premier League,England,2022/2023,2023-04-05,Tottenham,Leicester City,2,2
1853,Premier League,England,2022/2023,2022-11-07,Tottenham,West Ham,1,1
1854,Premier League,England,2022/2023,2022-12-05,Tottenham,Newcastle,3,1
1855,Premier League,England,2022/2023,2022-12-21,Everton,Manchester United,1,1
1856,Premier League,England,2022/2023,2022-12-31,Everton,Liverpool,0,0
1857,Premier League,England,2022/2023,2022-11-24,Everton,Chelsea,1,2
1858,Premier League,England,2022/2023,2022-12-31,Everton,Arsenal,1,1
1859,Premier League,England,2022/2023,2022-12-26,Everton,Manchester City,2,0
1860,Premier League,England,2022/2023,2022-11-15,Everton,Tottenham,1,2
1861,Premier League,England,2022/2023,2023-04-08,Everton,Leicester City,3,0
1862,Premier League,England,2022/2023,2023-01-10,Everton,West Ham,1,1
1863,Premier League,England,2022/2023,2023-04-03,Everton,Newcastle,0,1
1864,Premier League,England,2022/2023,2023-01-26,Leicester City,Manchester United,0,1
1865,Premier League,England,2022/2023,2022-12-19,Leicester City,Liverpool,1,1
1866,Premier League,England,2022/2023,2022-12-26,Leicester City,Chelsea,0,0
1867,Premier League,England,2022/2023,2022-10-02,Leicester City,Arsenal,2,0
1868,Premier League,England,2022/2023,2023-02-11,Leicester City,Manchester City,2,1
1869,Premier League,England,2022/2023,2023-02-19,Leicester City,Tottenham,1,1
1870,Premier League,England,2022/2023,2023-01-24,Leicester City,Everton,1,0
1871,Premier League,England,2022/2023,2022-10-14,Leicester City,West Ham,1,2
1872,Premier League,England,2022/2023,2022-12-27,Leicester City,Newcastle,0,1
1873,Premier League,England,2022/2023,2022-08-22,West Ham,Manchester United,1,1
1874,Premier League,England,2022/2023,2022-12-26,West Ham,Liverpool,0,0
1875,Premier League,England,2022/2023,2022-09-10,West Ham,Chelsea,0,1
1876,Premier League,England,2022/2023,2023-01-25,West Ham,Arsenal,1,3
1877,Premier League,England,2022/2023,2023-03-15,West Ham,Manchester City,3,1
1878,Premier League,England,2022/2023,2022-12-10,West Ham,Tottenham,1,2
1879,Premier League,England,2022/2023,2023-04-03,West Ham,Everton,2,1
1880,Premier League,England,2022/2023,2022-11-18,West Ham,Leicester City,5,1
1881,Premier League,England,2022/2023,2022-11-12,West Ham,Newcastle,0,2
1882,Premier League,England,2022/2023,2022-12-17,Newcastle,Manchester United,1,1
1883,Premier League,England,2022/2023,2022-12-18,Newcastle,Liverpool,0,1
1884,Premier League,England,2022/2023,2022-10-10,Newcastle,Chelsea,1,2
1885,Premier League,England,2022/2023,2022-09-25,Newcastle,Arsenal,0,2
1886,Premier League,England,2022/2023,2022-12-01,Newcastle,Manchester City,1,1
1887,Premier League,England,2022/2023,2022-12-03,Newcastle,Tottenham,0,0
1888,Premier League,England,2022/2023,2022-08-26,Newcastle,Everton,0,0
1889,Premier League,England,2022/2023,2022-11-24,Newcastle,Leicester City,1,0
1890,Premier League,England,2022/2023,2022-11-28,Newcastle,West Ham,0,2
1891,La Liga,Spain,2022/2023,2022-08-27,Real Madrid,Barcelona,1,1
1892,La Liga,Spain,2022/2023,2022-09-21,Real Madrid,Atletico Madrid,3,2
1893,La Liga,Spain,2022/2023,2023-02-28,Real Madrid,Sevilla,1,0
1894,La Liga,Spain,2022/2023,2023-01-17,Real Madrid,Valencia,1,2
1895,La Liga,Spain,2022/2023,2023-03-30,Real Madrid,Villarreal,2,1
1896,La Liga,Spain,2022/2023,2022-09-21,Real Madrid,Real Sociedad,2,1
1897,La Liga,Spain,2022/2023,2022-10-10,Real Madrid,Athletic Bilbao,2,2
1898,La Liga,Spain,2022/2023,2022-08-03,Real Madrid,Real Betis,0,2
1899,La Liga,Spain,2022/2023,2022-10-20,Real Madrid,Getafe,0,1
1900,La Liga,Spain,2022/2023,2023-02-25,Barcelona,Real Madrid,2,3
1901,La Liga,Spain,2022/2023,2023-04-01,Barcelona,Atletico Madrid,2,0
1902,La Liga,Spain,2022/2023,2023-04-02,Barcelona,Sevilla,0,2
1903,La Liga,Spain,2022/2023,2022-11-11,Barcelona,Valencia,3,1
1904,La Liga,Spain,2022/2023,2022-12-26,Barcelona,Villarreal,0,1
1905,La Liga,Spain,2022/2023,2023-01-12,Barcelona,Real Sociedad,0,1
1906,La Liga,Spain,2022/2023,2022-12-25,Barcelona,Athletic Bilbao,1,1
1907,La Liga,Spain,2022/2023,2022-08-31,Barcelona,Real Betis,1,3
1908,La Liga,Spain,2022/2023,2022-09-15,Barcelona,Getafe,3,2
1909,La Liga,Spain,2022/2023,2022-11-27,Atletico Madrid,Real Madrid,1,3
1910,La Liga,Spain,2022/2023,2022-08-20,Atletico Madrid,Barcelona,0,2
1911,La Liga,Spain,2022/2023,2022-10-29,Atletico Madrid,Sevilla,2,0
1912,La Liga,Spain,2022/2023,2023-03-02,Atletico Madrid,Valencia,0,2
1913,La Liga,Spain,2022/2023,2022-10-30,Atletico Madrid,Villarreal,3,1
1914,La Liga,Spain,2022/2023,2022-08-19,Atletico Madrid,Real Sociedad,2,1
1915,La Liga,Spain,2022/2023,2023-02-20,Atletico Madrid,Athletic Bilbao,1,1
1916,La Liga,Spain,2022/2023,2023-04-11,Atletico Madrid,Real Betis,0,1
1917,La Liga,Spain,2022/2023,2022-11-04,Atletico Madrid,Getafe,0,1
1918,La Liga,Spain,2022/2023,2022-12-27,Sevilla,Real Madrid,0,1
1919,La Liga,Spain,2022/2023,2022-08-20,Sevilla,Barcelona,3,0
1920,La Liga,Spain,2022/2023,2022-08-05,Sevilla,Atletico Madrid,2,1
1921,La Liga,Spain,2022/2023,2022-12-31,Sevilla,Valencia,0,1
1922,La Liga,Spain,2022/2023,2022-09-24,Sevilla,Villarreal,0,3
1923,La Liga,Spain,2022/2023,2023-01-19,Sevilla,Real Sociedad,3,3
1924,La Liga,Spain,2022/2023,2022-12-24,Sevilla,Athletic Bilbao,2,0
1925,La Liga,Spain,2022/2023,2023-03-21,Sevilla,Real Betis,2,1
1926,La Liga,Spain,2022/2023,2023-04-26,Sevilla,Getafe,1,2
1927,La Liga,Spain,2022/2023,2023-04-10,Valencia,Real Madrid,2,0
1928,La Liga,Spain,2022/2023,2022-10-08,Valencia,Barcelona,2,0
1929,La Liga,Spain,2022/2023,2023-04-16,Valencia,Atletico Madrid,3,2
1930,La Liga,Spain,2022/2023,2023-03-28,Valencia,Sevilla,1,2
1931,La Liga,Spain,2022/2023,2022-12-18,Valencia,Villarreal,3,1
1932,La Liga,Spain,2022/2023,2022-11-07,Valencia,Real Sociedad,1,1
1933,La Liga,Spain,2022/2023,2022-09-27,Valencia,Athletic Bilbao,1,3
1934,La Liga,Spain,2022/2023,2023-01-17,Valencia,Real Betis,2,2
1935,La Liga,Spain,2022/2023,2022-10-23,Valencia,Getafe,2,0
1936,La Liga,Spain,2022/2023,2023-03-23,Villarreal,Real Madrid,1,0
1937,La Liga,Spain,2022/2023,2022-12-10,Villarreal,Barcelona,2,2
1938,La Liga,Spain,2022/2023,2022-11-04,Villarreal,Atletico Madrid,3,0
1939,La Liga,Spain,2022/2023,2022-08-08,Villarreal,Sevilla,3,1
1940,La Liga,Spain,2022/2023,2023-01-20,Villarreal,Valencia,0,1
1941,La Liga,Spain,2022/2023,2022-12-30,Villarreal,Real Sociedad,1,0
1942,La Liga,Spain,2022/2023,2022-11-07,Villarreal,Athletic Bilbao,1,4
1943,La Liga,Spain,2022/2023,2022-10-29,Villarreal,Real Betis,1,0
1944,La Liga,Spain,2022/2023,2023-02-24,Villarreal,Getafe,2,0
1945,La Liga,Spain,2022/2023,2023-03-07,Real Sociedad,Real Madrid,1,0
1946,La Liga,Spain,2022/2023,2023-04-21,Real Sociedad,Barcelona,1,0
1947,La Liga,Spain,2022/2023,2023-01-15,Real Sociedad,Atletico Madrid,1,1
1948,La Liga,Spain,2022/2023,2022-09-14,Real Sociedad,Sevilla,2,1
1949,La Liga,Spain,2022/2023,2023-02-22,Real Sociedad,Valencia,1,2
1950,La Liga,Spain,2022/2023,2022-09-18,Real Sociedad,Villarreal,2,2
1951,La Liga,Spain,2022/2023,2022-11-03,Real Sociedad,Athletic Bilbao,2,0
1952,La Liga,Spain,2022/2023,2022-10-11,Real Sociedad,Real Betis,2,1
1953,La Liga,Spain,2022/2023,2023-04-02,Real Sociedad,Getafe,2,2
1954,La Liga,Spain,2022/2023,2023-01-13,Athletic Bilbao,Real Madrid,0,1
1955,La Liga,Spain,2022/2023,2022-12-06,Athletic Bilbao,Barcelona,2,0
1956,La Liga,Spain,2022/2023,2022-08-04,Athletic Bilbao,Atletico Madrid,0,3
1957,La Liga,Spain,2022/2023,2022-12-12,Athletic Bilbao,Sevilla,2,1
1958,La Liga,Spain,2022/2023,2023-02-13,Athletic Bilbao,Valencia,0,2
1959,La Liga,Spain,2022/2023,2022-11-29,Athletic Bilbao,Villarreal,1,4
1960,La Liga,Spain,2022/2023,2023-03-17,Athletic Bilbao,Real Sociedad,1,1
1961,La Liga,Spain,2022/2023,2022-12-15,Athletic Bilbao,Real Betis,1,2
1962,La Liga,Spain,2022/2023,2023-01-16,Athletic Bilbao,Getafe,2,2
1963,La Liga,Spain,2022/2023,2023-01-02,Real Betis,Real Madrid,2,2
1964,La Liga,Spain,2022/2023,2022-08-06,Real Betis,Barcelona,2,0
1965,La Liga,Spain,2022/2023,2022-12-12,Real Betis,Atletico Madrid,1,1
1966,La Liga,Spain,2022/2023,2023-02-01,Real Betis,Sevilla,3,1
1967,La Liga,Spain,2022/2023,2022-11-29,Real Betis,Valencia,5,2
1968,La Liga,Spain,2022/2023,2022-09-01,Real Betis,Villarreal,2,3
1969,La Liga,Spain,2022/2023,2022-09-30,Real Betis,Real Sociedad,2,2
1970,La Liga,Spain,2022/2023,2023-03-27,Real Betis,Athletic Bilbao,1,1
1971,La Liga,Spain,2022/2023,2023-01-05,Real Betis,Getafe,0,3
1972,La Liga,Spain,2022/2023,2022-10-21,Getafe,Real Madrid,1,1
1973,La Liga,Spain,2022/2023,2023-02-24,Getafe,Barcelona,2,1
1974,La Liga,Spain,2022/2023,2023-04-15,Getafe,Atletico Madrid,0,3
1975,La Liga,Spain,2022/2023,2023-01-07,Getafe,Sevilla,3,3
1976,La Liga,Spain,2022/2023,2022-09-30,Getafe,Valencia,1,0
1977,La Liga,Spain,2022/2023,2022-12-30,Getafe,Villarreal,1,0
1978,La Liga,Spain,2022/2023,2023-02-05,Getafe,Real Sociedad,1,0
1979,La Liga,Spain,2022/2023,2022-11-22,Getafe,Athletic Bilbao,2,1
1980,La Liga,Spain,2022/2023,2022-11-21,Getafe,Real Betis,0,3
1981,Serie A,Italy,2022/2023,2022-10-08,Juventus,AC Milan,0,3
1982,Serie A,Italy,2022/2023,2023-04-02,Juventus,Inter Milan,3,3
1983,Serie A,Italy,2022/2023,2022-10-18,Juventus,Roma,3,1
1984,Serie A,Italy,2022/2023,2023-03-21,Juventus,Napoli,3,2
1985,Serie A,Italy,2022/2023,2023-02-08,Juventus,Lazio,1,1
1986,Serie A,Italy,2022/2023,2023-03-01,Juventus,Atalanta,2,0
1987,Serie A,Italy,2022/2023,2023-03-30,Juventus,Fiorentina,2,3
1988,Serie A,Italy,2022/2023,2022-11-20,Juventus,Torino,2,0
1989,Serie A,Italy,2022/2023,2022-12-05,Juventus,Sassuolo,3,0
1990,Serie A,Italy,2022/2023,2022-09-11,AC Milan,Juventus,0,2
1991,Serie A,Italy,2022/2023,2023-04-27,AC Milan,Inter Milan,3,2
1992,Serie A,Italy,2022/2023,2023-03-17,AC Milan,Roma,0,1
1993,Serie A,Italy,2022/2023,2023-04-28,AC Milan,Napoli,1,1
1994,Serie A,Italy,2022/2023,2023-02-02,AC Milan,Lazio,1,0
1995,Serie A,Italy,2022/2023,2022-09-09,AC Milan,Atalanta,1,1
1996,Serie A,Italy,2022/2023,2022-09-27,AC Milan,Fiorentina,3,0
1997,Serie A,Italy,2022/2023,2022-09-01,AC Milan,Torino,1,0
1998,Serie A,Italy,2022/2023,2023-04-16,AC Milan,Sassuolo,1,1
1999,Serie A,Italy,2022/2023,2022-11-12,Inter Milan,Juventus,2,1
2000,Serie A,Italy,2022/2023,2022-10-16,Inter Milan,AC Milan,0,2
2001,Serie A,Italy,2022/2023,2022-10-24,Inter Milan,Roma,0,4
2002,Serie A,Italy,2022/2023,2023-01-15,Inter Milan,Napoli,0,1
2003,Serie A,Italy,2022/2023,2023-04-24,Inter Milan,Lazio,5,1
2004,Serie A,Italy,2022/2023,2023-03-15,Inter Milan,Atalanta,1,3
2005,Serie A,Italy,2022/2023,2022-09-29,Inter Milan,Fiorentina,1,0
2006,Serie A,Italy,2022/2023,2022-11-14,Inter Milan,Torino,1,1
2007,Serie A,Italy,2022/2023,2023-04-08,Inter Milan,Sassuolo,1,0
2008,Serie A,Italy,2022/2023,2022-09-16,Roma,Juventus,2,1
2009,Serie A,Italy,2022/2023,2023-04-19,Roma,AC Milan,3,2
2010,Serie A,Italy,2022/2023,2023-03-17,Roma,Inter Milan,2,2
2011,Serie A,Italy,2022/2023,2022-08-29,Roma,Napoli,1,2
2012,Serie A,Italy,2022/2023,2023-03-21,Roma,Lazio,2,2
2013,Serie A,Italy,2022/2023,2022-10-07,Roma,Atalanta,5,2
2014,Serie A,Italy,2022/2023,2023-04-20,Roma,Fiorentina,0,2
2015,Serie A,Italy,2022/2023,2023-03-01,Roma,Torino,4,0
2016,Serie A,Italy,2022/2023,2023-03-22,Roma,Sassuolo,1,3
2017,Serie A,Italy,2022/2023,2022-08-30,Napoli,Juventus,1,0
2018,Serie A,Italy,2022/2023,2023-03-25,Napoli,AC Milan,1,0
2019,Serie A,Italy,2022/2023,2023-01-05,Napoli,Inter Milan,3,0
2020,Serie A,Italy,2022/2023,2022-08-12,Napoli,Roma,1,1
2021,Serie A,Italy,2022/2023,2023-02-19,Napoli,Lazio,2,1
2022,Serie A,Italy,2022/2023,2022-12-09,Napoli,Atalanta,2,1
2023,Serie A,Italy,2022/2023,2022-08-02,Napoli,Fiorentina,0,0
2024,Serie A,Italy,2022/2023,2022-11-20,Napoli,Torino,2,1
2025,Serie A,Italy,2022/2023,2022-09-07,Napoli,Sassuolo,1,0
2026,Serie A,Italy,2022/2023,2022-08-24,Lazio,Juventus,1,1
2027,Serie A,Italy,2022/2023,2023-03-05,Lazio,AC Milan,1,2
2028,Serie A,Italy,2022/2023,2023-01-24,Lazio,Inter Milan,1,1
2029,Serie A,Italy,2022/2023,2022-09-02,Lazio,Roma,3,1
2030,Serie A,Italy,2022/2023,2022-08-31,Lazio,Napoli,2,3
2031,Serie A,Italy,2022/2023,2022-09-05,Lazio,Atalanta,0,1
2032,Serie A,Italy,2022/2023,2023-03-30,Lazio,Fiorentina,1,1
2033,Serie A,Italy,2022/2023,2022-08-17,Lazio,Torino,0,1
2034,Serie A,Italy,2022/2023,2022-12-25,Lazio,Sassuolo,0,0
2035,Serie A,Italy,2022/2023,2023-02-26,Atalanta,Juventus,1,0
2036,Serie A,Italy,2022/2023,2022-11-01,Atalanta,AC Milan,3,1
2037,Serie A,Italy,2022/2023,2022-10-09,Atalanta,Inter Milan,0,0
2038,Serie A,Italy,2022/2023,2023-03-04,Atalanta,Roma,1,2
2039,Serie A,Italy,2022/2023,2023-02-08,Atalanta,Napoli,2,2
2040,Serie A,Italy,2022/2023,2023-02-12,Atalanta,Lazio,4,2
2041,Serie A,Italy,2022/2023,2023-03-18,Atalanta,Fiorentina,0,4
2042,Serie A,Italy,2022/2023,2023-02-10,Atalanta,Torino,0,0
2043,Serie A,Italy,2022/2023,2023-02-09,Atalanta,Sassuolo,1,3
2044,Serie A,Italy,2022/2023,2022-09-11,Fiorentina,Juventus,0,0
2045,Serie A,Italy,2022/2023,2022-10-08,Fiorentina,AC Milan,1,0
2046,Serie A,Italy,2022/2023,2023-01-26,Fiorentina,Inter Milan,1,1
2047,Serie A,Italy,2022/2023,2022-09-30,Fiorentina,Roma,1,1
2048,Serie A,Italy,2022/2023,2022-10-31,Fiorentina,Napoli,2,2
2049,Serie A,Italy,2022/2023,2023-02-18,Fiorentina,Lazio,0,1
2050,Serie A,Italy,2022/2023,2023-04-28,Fiorentina,Atalanta,0,1
2051,Serie A,Italy,2022/2023,2022-10-05,Fiorentina,Torino,0,2
2052,Serie A,Italy,2022/2023,2022-11-23,Fiorentina,Sassuolo,2,1
2053,Serie A,Italy,2022/2023,2022-08-02,Torino,Juventus,3,2
2054,Serie A,Italy,2022/2023,2022-08-12,Torino,AC Milan,2,2
2055,Serie A,Italy,2022/2023,2022-12-31,Torino,Inter Milan,1,2
2056,Serie A,Italy,2022/2023,2023-03-26,Torino,Roma,1,1
2057,Serie A,Italy,2022/2023,2023-03-06,Torino,Napoli,1,0
2058,Serie A,Italy,2022/2023,2023-02-11,Torino,Lazio,0,0
2059,Serie A,Italy,2022/2023,2022-11-26,Torino,Atalanta,2,3
2060,Serie A,Italy,2022/2023,2022-12-05,Torino,Fiorentina,1,2
2061,Serie A,Italy,2022/2023,2023-03-24,Torino,Sassuolo,1,2
2062,Serie A,Italy,2022/2023,2023-01-25,Sassuolo,Juventus,1,3
2063,Serie A,Italy,2022/2023,2022-10-19,Sassuolo,AC Milan,0,0
2064,Serie A,Italy,2022/2023,2022-12-20,Sassuolo,Inter Milan,0,1
2065,Serie A,Italy,2022/2023,2022-11-05,Sassuolo,Roma,2,0
2066,Serie A,Italy,2022/2023,2022-09-27,Sassuolo,Napoli,1,0
2067,Serie A,Italy,2022/2023,2022-08-17,Sassuolo,Lazio,0,2
2068,Serie A,Italy,2022/2023,2023-03-03,Sassuolo,Atalanta,1,2
2069,Serie A,Italy,2022/2023,2022-08-09,Sassuolo,Fiorentina,2,1
2070,Serie A,Italy,2022/2023,2022-12-02,Sassuolo,Torino,1,1
2071,Bundesliga,Germany,2022/2023,2022-11-14,Bayern Munich,Borussia Dortmund,1,0
2072,Bundesliga,Germany,2022/2023,2022-09-04,Bayern Munich,RB Leipzig,3,0
2073,Bundesliga,Germany,2022/2023,2022-09-21,Bayern Munich,Bayer Leverkusen,2,1
2074,Bundesliga,Germany,2022/2023,2022-08-18,Bayern Munich,Wolfsburg,5,1
2075,Bundesliga,Germany,2022/2023,2023-03-17,Bayern Munich,Eintracht Frankfurt,2,1
2076,Bundesliga,Germany,2022/2023,2022-08-25,Bayern Munich,Borussia Monchengladbach,1,1
2077,Bundesliga,Germany,2022/2023,2022-12-04,Bayern Munich,Stuttgart,1,1
2078,Bundesliga,Germany,2022/2023,2022-08-23,Bayern Munich,Hoffenheim,0,1
2079,Bundesliga,Germany,2022/2023,2023-02-22,Bayern Munich,Mainz,1,1
2080,Bundesliga,Germany,2022/2023,2023-03-13,Borussia Dortmund,Bayern Munich,1,1
2081,Bundesliga,Germany,2022/2023,2022-11-28,Borussia Dortmund,RB Leipzig,3,0
2082,Bundesliga,Germany,2022/2023,2022-11-20,Borussia Dortmund,Bayer Leverkusen,0,0
2083,Bundesliga,Germany,2022/2023,2022-08-29,Borussia Dortmund,Wolfsburg,1,2
2084,Bundesliga,Germany,2022/2023,2022-10-11,Borussia Dortmund,Eintracht Frankfurt,3,0
2085,Bundesliga,Germany,2022/2023,2023-04-15,Borussia Dortmund,Borussia Monchengladbach,0,1
2086,Bundesliga,Germany,2022/2023,2022-12-27,Borussia Dortmund,Stuttgart,0,0
2087,Bundesliga,Germany,2022/2023,2022-11-28,Borussia Dortmund,Hoffenheim,3,1
2088,Bundesliga,Germany,2022/2023,2023-01-11,Borussia Dortmund,Mainz,2,0
2089,Bundesliga,Germany,2022/2023,2023-01-12,RB Leipzig,Bayern Munich,1,1
2090,Bundesliga,Germany,2022/2023,2022-11-30,RB Leipzig,Borussia Dortmund,2,1
2091,Bundesliga,Germany,2022/2023,2023-01-02,RB Leipzig,Bayer Leverkusen,1,3
2092,Bundesliga,Germany,2022/2023,2022-10-13,RB Leipzig,Wolfsburg,2,0
2093,Bundesliga,Germany,2022/2023,2023-04-24,RB Leipzig,Eintracht Frankfurt,4,2
2094,Bundesliga,Germany,2022/2023,2022-11-22,RB Leipzig,Borussia Monchengladbach,0,0
2095,Bundesliga,Germany,2022/2023,2023-02-28,RB Leipzig,Stuttgart,1,1
2096,Bundesliga,Germany,2022/2023,2023-01-01,RB Leipzig,Hoffenheim,1,0
2097,Bundesliga,Germany,2022/2023,2022-12-19,RB Leipzig,Mainz,2,0
2098,Bundesliga,Germany,2022/2023,2022-09-01,Bayer Leverkusen,Bayern Munich,0,2
2099,Bundesliga,Germany,2022/2023,2022-10-29,Bayer Leverkusen,Borussia Dortmund,2,2
2100,Bundesliga,Germany,2022/2023,2023-03-07,Bayer Leverkusen,RB Leipzig,0,0
2101,Bundesliga,Germany,2022/2023,2023-04-11,Bayer Leverkusen,Wolfsburg,0,2
2102,Bundesliga,Germany,2022/2023,2022-08-25,Bayer Leverkusen,Eintracht Frankfurt,3,1
2103,Bundesliga,Germany,2022/2023,2023-01-24,Bayer Leverkusen,Borussia Monchengladbach,0,0
2104,Bundesliga,Germany,2022/2023,2023-02-12,Bayer Leverkusen,Stuttgart,2,2
2105,Bundesliga,Germany,2022/2023,2023-04-26,Bayer Leverkusen,Hoffenheim,0,2
2106,Bundesliga,Germany,2022/2023,2023-01-11,Bayer Leverkusen,Mainz,2,0
2107,Bundesliga,Germany,2022/2023,2023-03-02,Wolfsburg,Bayern Munich,2,2
2108,Bundesliga,Germany,2022/2023,2023-02-26,Wolfsburg,Borussia Dortmund,3,3
2109,Bundesliga,Germany,2022/2023,2022-10-16,Wolfsburg,RB Leipzig,2,2
2110,Bundesliga,Germany,2022/2023,2023-01-01,Wolfsburg,Bayer Leverkusen,2,1
2111,Bundesliga,Germany,2022/2023,2023-02-09,Wolfsburg,Eintracht Frankfurt,3,1
2112,Bundesliga,Germany,2022/2023,2022-11-03,Wolfsburg,Borussia Monchengladbach,0,1
2113,Bundesliga,Germany,2022/2023,2023-03-31,Wolfsburg,Stuttgart,1,0
2114,Bundesliga,Germany,2022/2023,2022-12-02,Wolfsburg,Hoffenheim,1,3
2115,Bundesliga,Germany,2022/2023,2022-11-24,Wolfsburg,Mainz,2,0
2116,Bundesliga,Germany,2022/2023,2023-01-01,Eintracht Frankfurt,Bayern Munich,3,3
2117,Bundesliga,Germany,2022/2023,2022-10-13,Eintracht Frankfurt,Borussia Dortmund,1,4
2118,Bundesliga,Germany,2022/2023,2023-03-26,Eintracht Frankfurt,RB Leipzig,1,3
2119,Bundesliga,Germany,2022/2023,2022-08-30,Eintracht Frankfurt,Bayer Leverkusen,2,2
2120,Bundesliga,Germany,2022/2023,2023-02-28,Eintracht Frankfurt,Wolfsburg,2,1
2121,Bundesliga,Germany,2022/2023,2023-03-02,Eintracht Frankfurt,Borussia Monchengladbach,0,1
2122,Bundesliga,Germany,2022/2023,2022-10-08,Eintracht Frankfurt,Stuttgart,4,1
2123,Bundesliga,Germany,2022/2023,2023-02-15,Eintracht Frankfurt,Hoffenheim,2,1
2124,Bundesliga,Germany,2022/2023,2022-12-03,Eintracht Frankfurt,Mainz,2,2
2125,Bundesliga,Germany,2022/2023,2022-12-09,Borussia Monchengladbach,Bayern Munich,0,1
2126,Bundesliga,Germany,2022/2023,2022-11-13,Borussia Monchengladbach,Borussia Dortmund,0,4
2127,Bundesliga,Germany,2022/2023,2023-01-17,Borussia Monchengladbach,RB Leipzig,0,1
2128,Bundesliga,Germany,2022/2023,2022-09-10,Borussia Monchengladbach,Bayer Leverkusen,1,0
2129,Bundesliga,Germany,2022/2023,2023-03-19,Borussia Monchengladbach,Wolfsburg,1,0
2130,Bundesliga,Germany,2022/2023,2023-02-06,Borussia Monchengladbach,Eintracht Frankfurt,1,0
2131,Bundesliga,Germany,2022/2023,2022-09-17,Borussia Monchengladbach,Stuttgart,2,1
2132,Bundesliga,Germany,2022/2023,2022-11-06,Borussia Monchengladbach,Hoffenheim,2,3
2133,Bundesliga,Germany,2022/2023,2022-08-27,Borussia Monchengladbach,Mainz,1,0
2134,Bundesliga,Germany,2022/2023,2022-12-16,Stuttgart,Bayern Munich,3,3
2135,Bundesliga,Germany,2022/2023,2023-02-10,Stuttgart,Borussia Dortmund,0,1
2136,Bundesliga,Germany,2022/2023,2022-08-21,Stuttgart,RB Leipzig,2,1
2137,Bundesliga,Germany,2022/2023,2022-09-07,Stuttgart,Bayer Leverkusen,0,0
2138,Bundesliga,Germany,2022/2023,2022-11-05,Stuttgart,Wolfsburg,2,1
2139,Bundesliga,Germany,2022/2023,2022-11-20,Stuttgart,Eintracht Frankfurt,1,0
2140,Bundesliga,Germany,2022/2023,2023-04-03,Stuttgart,Borussia Monchengladbach,0,1
2141,Bundesliga,Germany,2022/2023,2022-11-15,Stuttgart,Hoffenheim,3,0
2142,Bundesliga,Germany,2022/2023,2023-01-18,Stuttgart,Mainz,5,0
2143,Bundesliga,Germany,2022/2023,2023-01-03,Hoffenheim,Bayern Munich,0,1
2144,Bundesliga,Germany,2022/2023,2022-08-08,Hoffenheim,Borussia Dortmund,3,1
2145,Bundesliga,Germany,2022/2023,2022-11-17,Hoffenheim,RB Leipzig,0,1
2146,Bundesliga,Germany,2022/2023,2022-11-06,Hoffenheim,Bayer Leverkusen,1,0
2147,Bundesliga,Germany,2022/2023,2022-09-30,Hoffenheim,Wolfsburg,2,1
2148,Bundesliga,Germany,2022/2023,2023-04-03,Hoffenheim,Eintracht Frankfurt,1,1
2149,Bundesliga,Germany,2022/2023,2022-12-03,Hoffenheim,Borussia Monchengladbach,2,2
2150,Bundesliga,Germany,2022/2023,2022-11-13,Hoffenheim,Stuttgart,2,1
2151,Bundesliga,Germany,2022/2023,2023-02-20,Hoffenheim,Mainz,1,0
2152,Bundesliga,Germany,2022/2023,2022-12-01,Mainz,Bayern Munich,2,1
2153,Bundesliga,Germany,2022/2023,2023-01-12,Mainz,Borussia Dortmund,4,1
2154,Bundesliga,Germany,2022/2023,2022-12-23,Mainz,RB Leipzig,3,0
2155,Bundesliga,Germany,2022/2023,2023-02-11,Mainz,Bayer Leverkusen,0,2
2156,Bundesliga,Germany,2022/2023,2023-03-27,Mainz,Wolfsburg,2,3
2157,Bundesliga,Germany,2022/2023,2023-01-31,Mainz,Eintracht Frankfurt,0,1
2158,Bundesliga,Germany,2022/2023,2023-01-05,Mainz,Borussia Monchengladbach,0,1
2159,Bundesliga,Germany,2022/2023,2022-12-12,Mainz,Stuttgart,1,4
2160,Bundesliga,Germany,2022/2023,2023-02-01,Mainz,Hoffenheim,2,0
2161,Ligue 1,France,2022/2023,2023-04-20,PSG,Marseille,0,0
2162,Ligue 1,France,2022/2023,2023-04-12,PSG,Lyon,0,0
2163,Ligue 1,France,2022/2023,2023-03-27,PSG,Monaco,0,0
2164,Ligue 1,France,2022/2023,2022-09-20,PSG,Lille,1,1
2165,Ligue 1,France,2022/2023,2023-03-29,PSG,Nice,4,4
2166,Ligue 1,France,2022/2023,2023-01-11,PSG,Rennes,2,0
2167,Ligue 1,France,2022/2023,2022-11-13,PSG,Lens,1,0
2168,Ligue 1,France,2022/2023,2023-02-06,PSG,Montpellier,3,0
2169,Ligue 1,France,2022/2023,2023-01-08,PSG,Strasbourg,5,1
2170,Ligue 1,France,2022/2023,2023-02-28,Marseille,PSG,2,1
2171,Ligue 1,France,2022/2023,2022-08-24,Marseille,Lyon,0,1
2172,Ligue 1,France,2022/2023,2022-11-22,Marseille,Monaco,0,3
2173,Ligue 1,France,2022/2023,2022-10-14,Marseille,Lille,4,1
2174,Ligue 1,France,2022/2023,2022-08-09,Marseille,Nice,0,1
2175,Ligue 1,France,2022/2023,2022-12-12,Marseille,Rennes,3,1
2176,Ligue 1,France,2022/2023,2023-03-02,Marseille,Lens,2,1
2177,Ligue 1,France,2022/2023,2022-12-30,Marseille,Montpellier,0,0
2178,Ligue 1,France,2022/2023,2022-10-18,Marseille,Strasbourg,3,2
2179,Ligue 1,France,2022/2023,2022-11-09,Lyon,PSG,0,3
2180,Ligue 1,France,2022/2023,2023-01-16,Lyon,Marseille,1,0
2181,Ligue 1,France,2022/2023,2022-11-26,Lyon,Monaco,1,0
2182,Ligue 1,France,2022/2023,2023-02-11,Lyon,Lille,1,2
2183,Ligue 1,France,2022/2023,2022-12-04,Lyon,Nice,0,0
2184,Ligue 1,France,2022/2023,2023-04-13,Lyon,Rennes,1,1
2185,Ligue 1,France,2022/2023,2023-01-20,Lyon,Lens,1,1
2186,Ligue 1,France,2022/2023,2022-12-10,Lyon,Montpellier,3,2
2187,Ligue 1,France,2022/2023,2023-04-08,Lyon,Strasbourg,2,0
2188,Ligue 1,France,2022/2023,2023-04-09,Monaco,PSG,0,2
2189,Ligue 1,France,2022/2023,2023-03-24,Monaco,Marseille,0,2
2190,Ligue 1,France,2022/2023,2022-10-26,Monaco,Lyon,3,2
2191,Ligue 1,France,2022/2023,2023-01-28,Monaco,Lille,1,0
2192,Ligue 1,France,2022/2023,2022-10-26,Monaco,Nice,2,0
2193,Ligue 1,France,2022/2023,2022-10-11,Monaco,Rennes,4,2
2194,Ligue 1,France,2022/2023,2023-04-08,Monaco,Lens,1,1
2195,Ligue 1,France,2022/2023,2022-11-03,Monaco,Montpellier,1,1
2196,Ligue 1,France,2022/2023,2022-08-31,Monaco,Strasbourg,0,0
2197,Ligue 1,France,2022/2023,2023-04-26,Lille,PSG,2,2
2198,Ligue 1,France,2022/2023,2022-08-18,Lille,Marseille,1,2
2199,Ligue 1,France,2022/2023,2022-09-08,Lille,Lyon,1,0
2200,Ligue 1,France,2022/2023,2022-08-25,Lille,Monaco,1,0
2201,Ligue 1,France,2022/2023,2022-08-04,Lille,Nice,1,3
2202,Ligue 1,France,2022/2023,2023-02-28,Lille,Rennes,1,0
2203,Ligue 1,France,2022/2023,2022-10-10,Lille,Lens,1,0
2204,Ligue 1,France,2022/2023,2022-11-27,Lille,Montpellier,0,1
2205,Ligue 1,France,2022/2023,2022-09-04,Lille,Strasbourg,0,2
2206,Ligue 1,France,2022/2023,2022-10-17,Nice,PSG,0,3
2207,Ligue 1,France,2022/2023,2022-08-05,Nice,Marseille,1,0
2208,Ligue 1,France,2022/2023,2022-11-20,Nice,Lyon,3,0
2209,Ligue 1,France,2022/2023,2023-04-16,Nice,Monaco,3,0
2210,Ligue 1,France,2022/2023,2023-03-22,Nice,Lille,1,3
2211,Ligue 1,France,2022/2023,2023-02-08,Nice,Rennes,2,0
2212,Ligue 1,France,2022/2023,2022-08-31,Nice,Lens,1,1
2213,Ligue 1,France,2022/2023,2023-04-05,Nice,Montpellier,2,2
2214,Ligue 1,France,2022/2023,2023-04-07,Nice,Strasbourg,1,0
2215,Ligue 1,France,2022/2023,2022-08-09,Rennes,PSG,2,1
2216,Ligue 1,France,2022/2023,2022-08-04,Rennes,Marseille,1,3
2217,Ligue 1,France,2022/2023,2023-02-27,Rennes,Lyon,1,1
2218,Ligue 1,France,2022/2023,2022-08-07,Rennes,Monaco,1,1
2219,Ligue 1,France,2022/2023,2022-08-09,Rennes,Lille,1,2
2220,Ligue 1,France,2022/2023,2022-12-19,Rennes,Nice,2,1
2221,Ligue 1,France,2022/2023,2022-12-25,Rennes,Lens,2,0
2222,Ligue 1,France,2022/2023,2022-08-09,Rennes,Montpellier,1,1
2223,Ligue 1,France,2022/2023,2023-04-15,Rennes,Strasbourg,1,1
2224,Ligue 1,France,2022/2023,2023-03-09,Lens,PSG,3,0
2225,Ligue 1,France,2022/2023,2022-10-31,Lens,Marseille,3,1
2226,Ligue 1,France,2022/2023,2022-09-24,Lens,Lyon,2,1
2227,Ligue 1,France,2022/2023,2022-09-19,Lens,Monaco,3,2
2228,Ligue 1,France,2022/2023,2023-04-26,Lens,Lille,1,0
2229,Ligue 1,France,2022/2023,2022-10-16,Lens,Nice,1,1
2230,Ligue 1,France,2022/2023,2022-12-02,Lens,Rennes,0,0
2231,Ligue 1,France,2022/2023,2022-11-07,Lens,Montpellier,1,3
2232,Ligue 1,France,2022/2023,2023-04-27,Lens,Strasbourg,0,1
2233,Ligue 1,France,2022/2023,2022-12-08,Montpellier,PSG,1,1
2234,Ligue 1,France,2022/2023,2023-01-29,Montpellier,Marseille,1,1
2235,Ligue 1,France,2022/2023,2022-12-15,Montpellier,Lyon,3,2
2236,Ligue 1,France,2022/2023,2023-02-20,Montpellier,Monaco,2,2
2237,Ligue 1,France,2022/2023,2022-09-10,Montpellier,Lille,2,5
2238,Ligue 1,France,2022/2023,2023-02-08,Montpellier,Nice,2,2
2239,Ligue 1,France,2022/2023,2023-02-24,Montpellier,Rennes,2,2
2240,Ligue 1,France,2022/2023,2023-03-24,Montpellier,Lens,4,0
2241,Ligue 1,France,2022/2023,2022-12-03,Montpellier,Strasbourg,2,0
2242,Ligue 1,France,2022/2023,2022-11-24,Strasbourg,PSG,6,0
2243,Ligue 1,France,2022/2023,2023-01-01,Strasbourg,Marseille,3,1
2244,Ligue 1,France,2022/2023,2022-09-11,Strasbourg,Lyon,1,0
2245,Ligue 1,France,2022/2023,2022-08-17,Strasbourg,Monaco,1,0
2246,Ligue 1,France,2022/2023,2022-09-17,Strasbourg,Lille,2,2
2247,Ligue 1,France,2022/2023,2023-02-24,Strasbourg,Nice,3,0
2248,Ligue 1,France,2022/2023,2023-02-11,Strasbourg,Rennes,2,1
2249,Ligue 1,France,2022/2023,2023-02-10,Strasbourg,Lens,2,1
2250,Ligue 1,France,2022/2023,2023-04-01,Strasbourg,Montpellier,0,1
2251,Premier League,England,2023/2024,2023-08-29,Manchester United,Liverpool,0,2
2252,Premier League,England,2023/2024,2023-08-05,Manchester United,Chelsea,1,1
2253,Premier League,England,2023/2024,2023-10-27,Manchester United,Arsenal,2,2
2254,Premier League,England,2023/2024,2023-09-12,Manchester United,Manchester City,2,4
2255,Premier League,England,2023/2024,2024-04-12,Manchester United,Tottenham,3,1
2256,Premier League,England,2023/2024,2024-03-10,Manchester United,Everton,2,2
2257,Premier League,England,2023/2024,2024-01-17,Manchester United,Leicester City,1,1
2258,Premier League,England,2023/2024,2023-09-18,Manchester United,West Ham,3,0
2259,Premier League,England,2023/2024,2024-04-27,Manchester United,Newcastle,2,0
2260,Premier League,England,2023/2024,2023-08-22,Liverpool,Manchester United,1,0
2261,Premier League,England,2023/2024,2023-11-26,Liverpool,Chelsea,2,0
2262,Premier League,England,2023/2024,2023-11-17,Liverpool,Arsenal,1,2
2263,Premier League,England,2023/2024,2024-03-31,Liverpool,Manchester City,1,0
2264,Premier League,England,2023/2024,2023-12-17,Liverpool,Tottenham,0,1
2265,Premier League,England,2023/2024,2023-08-24,Liverpool,Everton,2,0
2266,Premier League,England,2023/2024,2023-09-08,Liverpool,Leicester City,0,0
2267,Premier League,England,2023/2024,2023-12-22,Liverpool,West Ham,2,1
2268,Premier League,England,2023/2024,2023-08-17,Liverpool,Newcastle,2,0
2269,Premier League,England,2023/2024,2023-10-31,Chelsea,Manchester United,1,1
2270,Premier League,England,2023/2024,2024-01-09,Chelsea,Liverpool,2,2
2271,Premier League,England,2023/2024,2023-08-09,Chelsea,Arsenal,3,2
2272,Premier League,England,2023/2024,2023-11-15,Chelsea,Manchester City,1,3
2273,Premier League,England,2023/2024,2023-10-13,Chelsea,Tottenham,2,0
2274,Premier League,England,2023/2024,2024-02-20,Chelsea,Everton,2,4
2275,Premier League,England,2023/2024,2023-09-09,Chelsea,Leicester City,3,1
2276,Premier League,England,2023/2024,2024-01-01,Chelsea,West Ham,3,0
2277,Premier League,England,2023/2024,2023-10-23,Chelsea,Newcastle,3,1
2278,Premier League,England,2023/2024,2023-12-02,Arsenal,Manchester United,1,2
2279,Premier League,England,2023/2024,2024-02-16,Arsenal,Liverpool,4,2
2280,Premier League,England,2023/2024,2024-01-17,Arsenal,Chelsea,2,3
2281,Premier League,England,2023/2024,2024-02-13,Arsenal,Manchester City,2,0
2282,Premier League,England,2023/2024,2023-10-11,Arsenal,Tottenham,2,2
2283,Premier League,England,2023/2024,2023-09-10,Arsenal,Everton,1,2
2284,Premier League,England,2023/2024,2024-04-13,Arsenal,Leicester City,0,1
2285,Premier League,England,2023/2024,2024-01-25,Arsenal,West Ham,0,2
2286,Premier League,England,2023/2024,2023-08-28,Arsenal,Newcastle,0,4
2287,Premier League,England,2023/2024,2023-09-20,Manchester City,Manchester United,1,1
2288,Premier League,England,2023/2024,2024-03-11,Manchester City,Liverpool,3,0
2289,Premier League,England,2023/2024,2023-11-27,Manchester City,Chelsea,1,4
2290,Premier League,England,2023/2024,2023-09-08,Manchester City,Arsenal,1,1
2291,Premier League,England,2023/2024,2024-01-22,Manchester City,Tottenham,1,1
2292,Premier League,England,2023/2024,2024-02-20,Manchester City,Everton,4,2
2293,Premier League,England,2023/2024,2024-01-15,Manchester City,Leicester City,1,0
2294,Premier League,England,2023/2024,2023-08-16,Manchester City,West Ham,7,2
2295,Premier League,England,2023/2024,2023-12-18,Manchester City,Newcastle,2,1
2296,Premier League,England,2023/2024,2024-03-18,Tottenham,Manchester United,3,0
2297,Premier League,England,2023/2024,2024-04-08,Tottenham,Liverpool,1,0
2298,Premier League,England,2023/2024,2023-11-25,Tottenham,Chelsea,1,0
2299,Premier League,England,2023/2024,2024-01-30,Tottenham,Arsenal,0,0
2300,Premier League,England,2023/2024,2024-02-09,Tottenham,Manchester City,3,0
2301,Premier League,England,2023/2024,2024-03-09,Tottenham,Everton,2,2
2302,Premier League,England,2023/2024,2023-11-04,Tottenham,Leicester City,1,1
2303,Premier League,England,2023/2024,2024-02-11,Tottenham,West Ham,1,1
2304,Premier League,England,2023/2024,2023-09-13,Tottenham,Newcastle,5,0
2305,Premier League,England,2023/2024,2023-12-30,Everton,Manchester United,1,1
2306,Premier League,England,2023/2024,2023-12-05,Everton,Liverpool,2,1
2307,Premier League,England,2023/2024,2023-09-07,Everton,Chelsea,1,3
2308,Premier League,England,2023/2024,2023-09-12,Everton,Arsenal,1,0
2309,Premier League,England,2023/2024,2023-12-16,Everton,Manchester City,1,0
2310,Premier League,England,2023/2024,2023-10-18,Everton,Tottenham,3,1
2311,Premier League,England,2023/2024,2024-02-11,Everton,Leicester City,0,1
2312,Premier League,England,2023/2024,2023-10-18,Everton,West Ham,3,0
2313,Premier League,England,2023/2024,2024-02-16,Everton,Newcastle,2,0
2314,Premier League,England,2023/2024,2024-01-10,Leicester City,Manchester United,0,1
2315,Premier League,England,2023/2024,2024-02-01,Leicester City,Liverpool,2,3
2316,Premier League,England,2023/2024,2023-09-24,Leicester City,Chelsea,2,1
2317,Premier League,England,2023/2024,2023-09-16,Leicester City,Arsenal,1,1
2318,Premier League,England,2023/2024,2023-08-03,Leicester City,Manchester City,1,1
2319,Premier League,England,2023/2024,2024-01-05,Leicester City,Tottenham,1,2
2320,Premier League,England,2023/2024,2024-03-15,Leicester City,Everton,2,2
2321,Premier League,England,2023/2024,2024-02-01,Leicester City,West Ham,0,0
2322,Premier League,England,2023/2024,2023-12-17,Leicester City,Newcastle,2,0
2323,Premier League,England,2023/2024,2023-09-22,West Ham,Manchester United,5,0
2324,Premier League,England,2023/2024,2023-10-07,West Ham,Liverpool,0,1
2325,Premier League,England,2023/2024,2023-09-14,West Ham,Chelsea,2,0
2326,Premier League,England,2023/2024,2023-11-04,West Ham,Arsenal,0,1
2327,Premier League,England,2023/2024,2024-03-08,West Ham,Manchester City,2,1
2328,Premier League,England,2023/2024,2024-03-17,West Ham,Tottenham,0,2
2329,Premier League,England,2023/2024,2024-04-19,West Ham,Everton,1,2
2330,Premier League,England,2023/2024,2024-02-25,West Ham,Leicester City,1,4
2331,Premier League,England,2023/2024,2023-09-22,West Ham,Newcastle,0,1
2332,Premier League,England,2023/2024,2023-08-14,Newcastle,Manchester United,0,1
2333,Premier League,England,2023/2024,2023-09-15,Newcastle,Liverpool,2,3
2334,Premier League,England,2023/2024,2024-01-29,Newcastle,Chelsea,0,1
2335,Premier League,England,2023/2024,2023-09-17,Newcastle,Arsenal,4,2
2336,Premier League,England,2023/2024,2024-01-14,Newcastle,Manchester City,2,4
2337,Premier League,England,2023/2024,2024-02-14,Newcastle,Tottenham,1,2
2338,Premier League,England,2023/2024,2023-08-07,Newcastle,Everton,2,3
2339,Premier League,England,2023/2024,2023-12-28,Newcastle,Leicester City,0,1
2340,Premier League,England,2023/2024,2024-02-28,Newcastle,West Ham,1,2
2341,La Liga,Spain,2023/2024,2024-02-15,Real Madrid,Barcelona,0,2
2342,La Liga,Spain,2023/2024,2023-09-13,Real Madrid,Atletico Madrid,2,1
2343,La Liga,Spain,2023/2024,2023-12-03,Real Madrid,Sevilla,2,1
2344,La Liga,Spain,2023/2024,2024-04-23,Real Madrid,Valencia,2,0
2345,La Liga,Spain,2023/2024,2023-10-26,Real Madrid,Villarreal,1,1
2346,La Liga,Spain,2023/2024,2024-02-11,Real Madrid,Real Sociedad,2,0
2347,La Liga,Spain,2023/2024,2023-10-26,Real Madrid,Athletic Bilbao,0,0
2348,La Liga,Spain,2023/2024,2023-10-11,Real Madrid,Real Betis,0,1
2349,La Liga,Spain,2023/2024,2023-12-16,Real Madrid,Getafe,3,1
2350,La Liga,Spain,2023/2024,2024-01-02,Barcelona,Real Madrid,2,0
2351,La Liga,Spain,2023/2024,2023-12-16,Barcelona,Atletico Madrid,1,2
2352,La Liga,Spain,2023/2024,2024-04-09,Barcelona,Sevilla,0,2
2353,La Liga,Spain,2023/2024,2023-10-14,Barcelona,Valencia,2,0
2354,La Liga,Spain,2023/2024,2023-09-02,Barcelona,Villarreal,1,2
2355,La Liga,Spain,2023/2024,2023-10-25,Barcelona,Real Sociedad,3,2
2356,La Liga,Spain,2023/2024,2024-03-10,Barcelona,Athletic Bilbao,1,0
2357,La Liga,Spain,2023/2024,2023-12-20,Barcelona,Real Betis,0,2
2358,La Liga,Spain,2023/2024,2024-03-03,Barcelona,Getafe,1,1
2359,La Liga,Spain,2023/2024,2024-01-01,Atletico Madrid,Real Madrid,1,1
2360,La Liga,Spain,2023/2024,2024-04-04,Atletico Madrid,Barcelona,1,0
2361,La Liga,Spain,2023/2024,2023-09-09,Atletico Madrid,Sevilla,3,2
2362,La Liga,Spain,2023/2024,2024-02-01,Atletico Madrid,Valencia,2,1
2363,La Liga,Spain,2023/2024,2023-12-07,Atletico Madrid,Villarreal,0,2
2364,La Liga,Spain,2023/2024,2023-12-05,Atletico Madrid,Real Sociedad,2,2
2365,La Liga,Spain,2023/2024,2024-04-10,Atletico Madrid,Athletic Bilbao,3,3
2366,La Liga,Spain,2023/2024,2023-11-09,Atletico Madrid,Real Betis,1,0
2367,La Liga,Spain,2023/2024,2024-03-22,Atletico Madrid,Getafe,0,3
2368,La Liga,Spain,2023/2024,2023-09-24,Sevilla,Real Madrid,3,2
2369,La Liga,Spain,2023/2024,2023-10-09,Sevilla,Barcelona,2,1
2370,La Liga,Spain,2023/2024,2024-01-03,Sevilla,Atletico Madrid,0,4
2371,La Liga,Spain,2023/2024,2023-08-04,Sevilla,Valencia,3,4
2372,La Liga,Spain,2023/2024,2024-02-19,Sevilla,Villarreal,2,2
2373,La Liga,Spain,2023/2024,2024-01-18,Sevilla,Real Sociedad,1,2
2374,La Liga,Spain,2023/2024,2024-02-11,Sevilla,Athletic Bilbao,1,2
2375,La Liga,Spain,2023/2024,2024-01-16,Sevilla,Real Betis,2,3
2376,La Liga,Spain,2023/2024,2024-03-13,Sevilla,Getafe,3,0
2377,La Liga,Spain,2023/2024,2024-01-19,Valencia,Real Madrid,1,0
2378,La Liga,Spain,2023/2024,2024-03-08,Valencia,Barcelona,0,0
2379,La Liga,Spain,2023/2024,2023-10-09,Valencia,Atletico Madrid,3,2
2380,La Liga,Spain,2023/2024,2024-01-01,Valencia,Sevilla,2,2
2381,La Liga,Spain,2023/2024,2024-01-12,Valencia,Villarreal,0,0
2382,La Liga,Spain,2023/2024,2023-11-11,Valencia,Real Sociedad,1,1
2383,La Liga,Spain,2023/2024,2024-04-02,Valencia,Athletic Bilbao,2,0
2384,La Liga,Spain,2023/2024,2024-01-08,Valencia,Real Betis,1,0
2385,La Liga,Spain,2023/2024,2023-10-30,Valencia,Getafe,0,2
2386,La Liga,Spain,2023/2024,2024-02-20,Villarreal,Real Madrid,2,2
2387,La Liga,Spain,2023/2024,2024-01-11,Villarreal,Barcelona,3,0
2388,La Liga,Spain,2023/2024,2023-12-28,Villarreal,Atletico Madrid,1,1
2389,La Liga,Spain,2023/2024,2024-04-08,Villarreal,Sevilla,3,2
2390,La Liga,Spain,2023/2024,2023-12-03,Villarreal,Valencia,1,2
2391,La Liga,Spain,2023/2024,2024-01-14,Villarreal,Real Sociedad,2,0
2392,La Liga,Spain,2023/2024,2024-02-09,Villarreal,Athletic Bilbao,2,3
2393,La Liga,Spain,2023/2024,2023-12-22,Villarreal,Real Betis,1,1
2394,La Liga,Spain,2023/2024,2024-02-18,Villarreal,Getafe,0,2
2395,La Liga,Spain,2023/2024,2024-02-03,Real Sociedad,Real Madrid,3,1
2396,La Liga,Spain,2023/2024,2023-09-28,Real Sociedad,Barcelona,1,1
2397,La Liga,Spain,2023/2024,2023-11-11,Real Sociedad,Atletico Madrid,4,1
2398,La Liga,Spain,2023/2024,2023-11-01,Real Sociedad,Sevilla,2,2
2399,La Liga,Spain,2023/2024,2023-08-14,Real Sociedad,Valencia,2,1
2400,La Liga,Spain,2023/2024,2024-03-24,Real Sociedad,Villarreal,1,2
2401,La Liga,Spain,2023/2024,2023-11-16,Real Sociedad,Athletic Bilbao,2,1
2402,La Liga,Spain,2023/2024,2024-03-12,Real Sociedad,Real Betis,0,0
2403,La Liga,Spain,2023/2024,2023-12-28,Real Sociedad,Getafe,1,5
2404,La Liga,Spain,2023/2024,2023-09-05,Athletic Bilbao,Real Madrid,3,4
2405,La Liga,Spain,2023/2024,2024-02-26,Athletic Bilbao,Barcelona,1,1
2406,La Liga,Spain,2023/2024,2024-04-12,Athletic Bilbao,Atletico Madrid,2,0
2407,La Liga,Spain,2023/2024,2023-10-11,Athletic Bilbao,Sevilla,1,0
2408,La Liga,Spain,2023/2024,2024-01-03,Athletic Bilbao,Valencia,2,1
2409,La Liga,Spain,2023/2024,2023-12-02,Athletic Bilbao,Villarreal,2,3
2410,La Liga,Spain,2023/2024,2023-12-08,Athletic Bilbao,Real Sociedad,0,1
2411,La Liga,Spain,2023/2024,2023-10-18,Athletic Bilbao,Real Betis,2,1
2412,La Liga,Spain,2023/2024,2024-03-04,Athletic Bilbao,Getafe,2,1
2413,La Liga,Spain,2023/2024,2024-02-10,Real Betis,Real Madrid,3,1
2414,La Liga,Spain,2023/2024,2023-09-07,Real Betis,Barcelona,2,2
2415,La Liga,Spain,2023/2024,2024-03-17,Real Betis,Atletico Madrid,1,1
2416,La Liga,Spain,2023/2024,2024-04-02,Real Betis,Sevilla,2,0
2417,La Liga,Spain,2023/2024,2024-02-22,Real Betis,Valencia,1,1
2418,La Liga,Spain,2023/2024,2024-04-16,Real Betis,Villarreal,2,2
2419,La Liga,Spain,2023/2024,2024-03-02,Real Betis,Real Sociedad,3,1
2420,La Liga,Spain,2023/2024,2023-08-19,Real Betis,Athletic Bilbao,2,0
2421,La Liga,Spain,2023/2024,2024-02-01,Real Betis,Getafe,1,2
2422,La Liga,Spain,2023/2024,2023-09-13,Getafe,Real Madrid,1,1
2423,La Liga,Spain,2023/2024,2023-09-25,Getafe,Barcelona,0,0
2424,La Liga,Spain,2023/2024,2023-12-06,Getafe,Atletico Madrid,1,0
2425,La Liga,Spain,2023/2024,2024-01-29,Getafe,Sevilla,1,3
2426,La Liga,Spain,2023/2024,2023-10-25,Getafe,Valencia,2,1
2427,La Liga,Spain,2023/2024,2023-08-23,Getafe,Villarreal,2,2
2428,La Liga,Spain,2023/2024,2024-02-21,Getafe,Real Sociedad,2,0
2429,La Liga,Spain,2023/2024,2024-01-17,Getafe,Athletic Bilbao,1,1
2430,La Liga,Spain,2023/2024,2024-03-08,Getafe,Real Betis,1,1
2431,Serie A,Italy,2023/2024,2023-09-24,Juventus,AC Milan,0,0
2432,Serie A,Italy,2023/2024,2023-08-06,Juventus,Inter Milan,1,1
2433,Serie A,Italy,2023/2024,2023-09-20,Juventus,Roma,0,1
2434,Serie A,Italy,2023/2024,2023-12-11,Juventus,Napoli,4,2
2435,Serie A,Italy,2023/2024,2023-11-22,Juventus,Lazio,1,0
2436,Serie A,Italy,2023/2024,2024-04-18,Juventus,Atalanta,2,0
2437,Serie A,Italy,2023/2024,2024-04-22,Juventus,Fiorentina,1,1
2438,Serie A,Italy,2023/2024,2023-11-22,Juventus,Torino,2,1
2439,Serie A,Italy,2023/2024,2024-03-16,Juventus,Sassuolo,0,2
2440,Serie A,Italy,2023/2024,2024-02-08,AC Milan,Juventus,0,2
2441,Serie A,Italy,2023/2024,2024-02-17,AC Milan,Inter Milan,2,0
2442,Serie A,Italy,2023/2024,2024-03-25,AC Milan,Roma,2,0
2443,Serie A,Italy,2023/2024,2024-04-13,AC Milan,Napoli,2,0
2444,Serie A,Italy,2023/2024,2023-10-17,AC Milan,Lazio,4,1
2445,Serie A,Italy,2023/2024,2024-01-24,AC Milan,Atalanta,1,2
2446,Serie A,Italy,2023/2024,2023-08-13,AC Milan,Fiorentina,2,3
2447,Serie A,Italy,2023/2024,2024-04-04,AC Milan,Torino,2,0
2448,Serie A,Italy,2023/2024,2023-09-23,AC Milan,Sassuolo,2,1
2449,Serie A,Italy,2023/2024,2023-12-30,Inter Milan,Juventus,1,3
2450,Serie A,Italy,2023/2024,2024-02-29,Inter Milan,AC Milan,0,3
2451,Serie A,Italy,2023/2024,2023-09-13,Inter Milan,Roma,2,1
2452,Serie A,Italy,2023/2024,2023-09-29,Inter Milan,Napoli,2,2
2453,Serie A,Italy,2023/2024,2023-10-12,Inter Milan,Lazio,2,0
2454,Serie A,Italy,2023/2024,2024-01-26,Inter Milan,Atalanta,1,0
2455,Serie A,Italy,2023/2024,2024-01-07,Inter Milan,Fiorentina,1,2
2456,Serie A,Italy,2023/2024,2024-01-23,Inter Milan,Torino,2,3
2457,Serie A,Italy,2023/2024,2024-03-21,Inter Milan,Sassuolo,0,1
2458,Serie A,Italy,2023/2024,2023-11-14,Roma,Juventus,1,2
2459,Serie A,Italy,2023/2024,2024-04-23,Roma,AC Milan,2,3
2460,Serie A,Italy,2023/2024,2024-04-04,Roma,Inter Milan,1,1
2461,Serie A,Italy,2023/2024,2024-01-26,Roma,Napoli,3,1
2462,Serie A,Italy,2023/2024,2024-03-31,Roma,Lazio,1,2
2463,Serie A,Italy,2023/2024,2023-09-19,Roma,Atalanta,1,2
2464,Serie A,Italy,2023/2024,2024-03-12,Roma,Fiorentina,0,1
2465,Serie A,Italy,2023/2024,2024-03-19,Roma,Torino,1,0
2466,Serie A,Italy,2023/2024,2024-01-11,Roma,Sassuolo,1,1
2467,Serie A,Italy,2023/2024,2023-09-04,Napoli,Juventus,0,3
2468,Serie A,Italy,2023/2024,2024-01-01,Napoli,AC Milan,2,2
2469,Serie A,Italy,2023/2024,2023-08-23,Napoli,Inter Milan,2,1
2470,Serie A,Italy,2023/2024,2023-09-28,Napoli,Roma,2,1
2471,Serie A,Italy,2023/2024,2023-08-12,Napoli,Lazio,2,1
2472,Serie A,Italy,2023/2024,2024-01-23,Napoli,Atalanta,1,2
2473,Serie A,Italy,2023/2024,2023-09-25,Napoli,Fiorentina,2,2
2474,Serie A,Italy,2023/2024,2023-10-24,Napoli,Torino,1,0
2475,Serie A,Italy,2023/2024,2023-12-03,Napoli,Sassuolo,2,2
2476,Serie A,Italy,2023/2024,2024-04-21,Lazio,Juventus,0,3
2477,Serie A,Italy,2023/2024,2023-10-29,Lazio,AC Milan,0,0
2478,Serie A,Italy,2023/2024,2023-10-21,Lazio,Inter Milan,2,4
2479,Serie A,Italy,2023/2024,2024-01-17,Lazio,Roma,1,3
2480,Serie A,Italy,2023/2024,2024-03-06,Lazio,Napoli,3,2
2481,Serie A,Italy,2023/2024,2024-03-24,Lazio,Atalanta,1,3
2482,Serie A,Italy,2023/2024,2023-11-27,Lazio,Fiorentina,4,2
2483,Serie A,Italy,2023/2024,2024-02-24,Lazio,Torino,2,3
2484,Serie A,Italy,2023/2024,2023-11-03,Lazio,Sassuolo,0,1
2485,Serie A,Italy,2023/2024,2023-11-04,Atalanta,Juventus,1,1
2486,Serie A,Italy,2023/2024,2024-03-09,Atalanta,AC Milan,2,4
2487,Serie A,Italy,2023/2024,2024-02-19,Atalanta,Inter Milan,2,2
2488,Serie A,Italy,2023/2024,2023-08-15,Atalanta,Roma,0,2
2489,Serie A,Italy,2023/2024,2023-11-10,Atalanta,Napoli,2,3
2490,Serie A,Italy,2023/2024,2024-03-18,Atalanta,Lazio,0,1
2491,Serie A,Italy,2023/2024,2024-03-07,Atalanta,Fiorentina,4,1
2492,Serie A,Italy,2023/2024,2024-02-16,Atalanta,Torino,0,2
2493,Serie A,Italy,2023/2024,2023-08-03,Atalanta,Sassuolo,0,1
2494,Serie A,Italy,2023/2024,2023-11-18,Fiorentina,Juventus,2,1
2495,Serie A,Italy,2023/2024,2023-11-14,Fiorentina,AC Milan,1,0
2496,Serie A,Italy,2023/2024,2023-12-21,Fiorentina,Inter Milan,0,0
2497,Serie A,Italy,2023/2024,2023-09-02,Fiorentina,Roma,0,2
2498,Serie A,Italy,2023/2024,2023-09-22,Fiorentina,Napoli,5,1
2499,Serie A,Italy,2023/2024,2023-11-04,Fiorentina,Lazio,2,3
2500,Serie A,Italy,2023/2024,2024-02-04,Fiorentina,Atalanta,1,1
2501,Serie A,Italy,2023/2024,2024-01-14,Fiorentina,Torino,0,1
2502,Serie A,Italy,2023/2024,2023-11-09,Fiorentina,Sassuolo,1,0
2503,Serie A,Italy,2023/2024,2024-03-22,Torino,Juventus,4,0
2504,Serie A,Italy,2023/2024,2023-09-28,Torino,AC Milan,5,3
2505,Serie A,Italy,2023/2024,2023-12-13,Torino,Inter Milan,1,0
2506,Serie A,Italy,2023/2024,2024-04-07,Torino,Roma,1,0
2507,Serie A,Italy,2023/2024,2024-04-27,Torino,Napoli,1,1
2508,Serie A,Italy,2023/2024,2024-01-08,Torino,Lazio,0,0
2509,Serie A,Italy,2023/2024,2024-02-15,Torino,Atalanta,1,2
2510,Serie A,Italy,2023/2024,2024-02-17,Torino,Fiorentina,2,0
2511,Serie A,Italy,2023/2024,2023-09-28,Torino,Sassuolo,3,1
2512,Serie A,Italy,2023/2024,2024-01-26,Sassuolo,Juventus,2,0
2513,Serie A,Italy,2023/2024,2024-01-28,Sassuolo,AC Milan,1,1
2514,Serie A,Italy,2023/2024,2024-03-22,Sassuolo,Inter Milan,4,1
2515,Serie A,Italy,2023/2024,2023-10-28,Sassuolo,Roma,2,1
2516,Serie A,Italy,2023/2024,2023-12-31,Sassuolo,Napoli,1,1
2517,Serie A,Italy,2023/2024,2023-09-13,Sassuolo,Lazio,3,1
2518,Serie A,Italy,2023/2024,2023-10-08,Sassuolo,Atalanta,1,0
2519,Serie A,Italy,2023/2024,2024-01-08,Sassuolo,Fiorentina,1,1
2520,Serie A,Italy,2023/2024,2023-09-30,Sassuolo,Torino,2,2
2521,Bundesliga,Germany,2023/2024,2023-12-01,Bayern Munich,Borussia Dortmund,1,2
2522,Bundesliga,Germany,2023/2024,2024-01-04,Bayern Munich,RB Leipzig,0,0
2523,Bundesliga,Germany,2023/2024,2023-09-29,Bayern Munich,Bayer Leverkusen,0,0
2524,Bundesliga,Germany,2023/2024,2023-11-02,Bayern Munich,Wolfsburg,0,3
2525,Bundesliga,Germany,2023/2024,2024-02-08,Bayern Munich,Eintracht Frankfurt,1,4
2526,Bundesliga,Germany,2023/2024,2023-10-12,Bayern Munich,Borussia Monchengladbach,0,1
2527,Bundesliga,Germany,2023/2024,2024-04-18,Bayern Munich,Stuttgart,2,0
2528,Bundesliga,Germany,2023/2024,2024-02-15,Bayern Munich,Hoffenheim,0,0
2529,Bundesliga,Germany,2023/2024,2024-03-02,Bayern Munich,Mainz,0,0
2530,Bundesliga,Germany,2023/2024,2023-10-10,Borussia Dortmund,Bayern Munich,1,2
2531,Bundesliga,Germany,2023/2024,2024-02-13,Borussia Dortmund,RB Leipzig,3,2
2532,Bundesliga,Germany,2023/2024,2024-03-04,Borussia Dortmund,Bayer Leverkusen,4,2
2533,Bundesliga,Germany,2023/2024,2023-11-04,Borussia Dortmund,Wolfsburg,1,2
2534,Bundesliga,Germany,2023/2024,2024-04-06,Borussia Dortmund,Eintracht Frankfurt,1,1
2535,Bundesliga,Germany,2023/2024,2023-10-28,Borussia Dortmund,Borussia Monchengladbach,1,2
2536,Bundesliga,Germany,2023/2024,2023-10-25,Borussia Dortmund,Stuttgart,1,0
2537,Bundesliga,Germany,2023/2024,2024-04-07,Borussia Dortmund,Hoffenheim,0,2
2538,Bundesliga,Germany,2023/2024,2023-12-26,Borussia Dortmund,Mainz,0,0
2539,Bundesliga,Germany,2023/2024,2023-10-11,RB Leipzig,Bayern Munich,2,1
2540,Bundesliga,Germany,2023/2024,2023-11-04,RB Leipzig,Borussia Dortmund,3,1
2541,Bundesliga,Germany,2023/2024,2024-01-09,RB Leipzig,Bayer Leverkusen,2,0
2542,Bundesliga,Germany,2023/2024,2024-03-18,RB Leipzig,Wolfsburg,4,0
2543,Bundesliga,Germany,2023/2024,2023-08-28,RB Leipzig,Eintracht Frankfurt,2,0
2544,Bundesliga,Germany,2023/2024,2024-01-31,RB Leipzig,Borussia Monchengladbach,0,4
2545,Bundesliga,Germany,2023/2024,2023-08-05,RB Leipzig,Stuttgart,4,4
2546,Bundesliga,Germany,2023/2024,2024-04-05,RB Leipzig,Hoffenheim,1,3
2547,Bundesliga,Germany,2023/2024,2023-10-09,RB Leipzig,Mainz,3,0
2548,Bundesliga,Germany,2023/2024,2023-11-08,Bayer Leverkusen,Bayern Munich,0,3
2549,Bundesliga,Germany,2023/2024,2024-02-13,Bayer Leverkusen,Borussia Dortmund,1,3
2550,Bundesliga,Germany,2023/2024,2024-04-15,Bayer Leverkusen,RB Leipzig,3,0
2551,Bundesliga,Germany,2023/2024,2024-04-10,Bayer Leverkusen,Wolfsburg,0,1
2552,Bundesliga,Germany,2023/2024,2024-02-26,Bayer Leverkusen,Eintracht Frankfurt,1,1
2553,Bundesliga,Germany,2023/2024,2024-04-08,Bayer Leverkusen,Borussia Monchengladbach,1,0
2554,Bundesliga,Germany,2023/2024,2024-02-29,Bayer Leverkusen,Stuttgart,1,0
2555,Bundesliga,Germany,2023/2024,2024-03-15,Bayer Leverkusen,Hoffenheim,0,2
2556,Bundesliga,Germany,2023/2024,2024-04-07,Bayer Leverkusen,Mainz,0,2
2557,Bundesliga,Germany,2023/2024,2023-10-25,Wolfsburg,Bayern Munich,3,1
2558,Bundesliga,Germany,2023/2024,2023-09-12,Wolfsburg,Borussia Dortmund,2,5
2559,Bundesliga,Germany,2023/2024,2023-08-16,Wolfsburg,RB Leipzig,2,0
2560,Bundesliga,Germany,2023/2024,2023-11-21,Wolfsburg,Bayer Leverkusen,3,0
2561,Bundesliga,Germany,2023/2024,2023-12-28,Wolfsburg,Eintracht Frankfurt,1,2
2562,Bundesliga,Germany,2023/2024,2023-08-17,Wolfsburg,Borussia Monchengladbach,0,1
2563,Bundesliga,Germany,2023/2024,2023-12-19,Wolfsburg,Stuttgart,2,1
2564,Bundesliga,Germany,2023/2024,2023-11-24,Wolfsburg,Hoffenheim,0,0
2565,Bundesliga,Germany,2023/2024,2023-12-26,Wolfsburg,Mainz,3,0
2566,Bundesliga,Germany,2023/2024,2023-10-26,Eintracht Frankfurt,Bayern Munich,3,0
2567,Bundesliga,Germany,2023/2024,2024-03-22,Eintracht Frankfurt,Borussia Dortmund,5,3
2568,Bundesliga,Germany,2023/2024,2024-04-10,Eintracht Frankfurt,RB Leipzig,0,1
2569,Bundesliga,Germany,2023/2024,2024-04-18,Eintracht Frankfurt,Bayer Leverkusen,1,0
2570,Bundesliga,Germany,2023/2024,2023-09-27,Eintracht Frankfurt,Wolfsburg,1,1
2571,Bundesliga,Germany,2023/2024,2023-09-28,Eintracht Frankfurt,Borussia Monchengladbach,1,3
2572,Bundesliga,Germany,2023/2024,2023-12-16,Eintracht Frankfurt,Stuttgart,1,0
2573,Bundesliga,Germany,2023/2024,2024-02-04,Eintracht Frankfurt,Hoffenheim,1,1
2574,Bundesliga,Germany,2023/2024,2023-08-22,Eintracht Frankfurt,Mainz,1,2
2575,Bundesliga,Germany,2023/2024,2024-03-13,Borussia Monchengladbach,Bayern Munich,0,1
2576,Bundesliga,Germany,2023/2024,2023-11-20,Borussia Monchengladbach,Borussia Dortmund,1,1
2577,Bundesliga,Germany,2023/2024,2024-03-05,Borussia Monchengladbach,RB Leipzig,2,0
2578,Bundesliga,Germany,2023/2024,2023-09-22,Borussia Monchengladbach,Bayer Leverkusen,1,2
2579,Bundesliga,Germany,2023/2024,2023-12-05,Borussia Monchengladbach,Wolfsburg,4,2
2580,Bundesliga,Germany,2023/2024,2023-12-31,Borussia Monchengladbach,Eintracht Frankfurt,1,1
2581,Bundesliga,Germany,2023/2024,2023-08-17,Borussia Monchengladbach,Stuttgart,0,1
2582,Bundesliga,Germany,2023/2024,2024-03-18,Borussia Monchengladbach,Hoffenheim,3,2
2583,Bundesliga,Germany,2023/2024,2023-12-13,Borussia Monchengladbach,Mainz,1,1
2584,Bundesliga,Germany,2023/2024,2024-01-26,Stuttgart,Bayern Munich,3,2
2585,Bundesliga,Germany,2023/2024,2023-09-14,Stuttgart,Borussia Dortmund,1,2
2586,Bundesliga,Germany,2023/2024,2024-03-12,Stuttgart,RB Leipzig,0,3
2587,Bundesliga,Germany,2023/2024,2023-09-30,Stuttgart,Bayer Leverkusen,1,3
2588,Bundesliga,Germany,2023/2024,2023-11-30,Stuttgart,Wolfsburg,2,3
2589,Bundesliga,Germany,2023/2024,2023-11-16,Stuttgart,Eintracht Frankfurt,3,2
2590,Bundesliga,Germany,2023/2024,2024-01-27,Stuttgart,Borussia Monchengladbach,1,0
2591,Bundesliga,Germany,2023/2024,2024-03-07,Stuttgart,Hoffenheim,3,1
2592,Bundesliga,Germany,2023/2024,2023-10-24,Stuttgart,Mainz,3,0
2593,Bundesliga,Germany,2023/2024,2023-10-11,Hoffenheim,Bayern Munich,0,0
2594,Bundesliga,Germany,2023/2024,2023-11-14,Hoffenheim,Borussia Dortmund,2,1
2595,Bundesliga,Germany,2023/2024,2023-11-14,Hoffenheim,RB Leipzig,1,2
2596,Bundesliga,Germany,2023/2024,2023-08-31,Hoffenheim,Bayer Leverkusen,0,3
2597,Bundesliga,Germany,2023/2024,2024-01-27,Hoffenheim,Wolfsburg,2,1
2598,Bundesliga,Germany,2023/2024,2023-12-22,Hoffenheim,Eintracht Frankfurt,2,0
2599,Bundesliga,Germany,2023/2024,2023-10-26,Hoffenheim,Borussia Monchengladbach,0,1
2600,Bundesliga,Germany,2023/2024,2024-01-13,Hoffenheim,Stuttgart,2,2
2601,Bundesliga,Germany,2023/2024,2023-12-28,Hoffenheim,Mainz,2,2
2602,Bundesliga,Germany,2023/2024,2023-12-27,Mainz,Bayern Munich,3,1
2603,Bundesliga,Germany,2023/2024,2023-12-15,Mainz,Borussia Dortmund,1,0
2604,Bundesliga,Germany,2023/2024,2024-04-20,Mainz,RB Leipzig,0,1
2605,Bundesliga,Germany,2023/2024,2023-09-18,Mainz,Bayer Leverkusen,1,4
2606,Bundesliga,Germany,2023/2024,2023-10-09,Mainz,Wolfsburg,2,0
2607,Bundesliga,Germany,2023/2024,2024-02-27,Mainz,Eintracht Frankfurt,0,0
2608,Bundesliga,Germany,2023/2024,2023-08-31,Mainz,Borussia Monchengladbach,1,0
2609,Bundesliga,Germany,2023/2024,2023-12-20,Mainz,Stuttgart,2,0
2610,Bundesliga,Germany,2023/2024,2023-10-04,Mainz,Hoffenheim,0,1
2611,Ligue 1,France,2023/2024,2023-10-07,PSG,Marseille,2,0
2612,Ligue 1,France,2023/2024,2023-12-06,PSG,Lyon,1,3
2613,Ligue 1,France,2023/2024,2023-10-14,PSG,Monaco,2,3
2614,Ligue 1,France,2023/2024,2024-01-12,PSG,Lille,2,0
2615,Ligue 1,France,2023/2024,2023-12-05,PSG,Nice,2,0
2616,Ligue 1,France,2023/2024,2024-02-18,PSG,Rennes,3,1
2617,Ligue 1,France,2023/2024,2024-04-07,PSG,Lens,1,1
2618,Ligue 1,France,2023/2024,2023-10-12,PSG,Montpellier,2,0
2619,Ligue 1,France,2023/2024,2023-12-16,PSG,Strasbourg,1,1
2620,Ligue 1,France,2023/2024,2024-02-29,Marseille,PSG,1,0
2621,Ligue 1,France,2023/2024,2024-02-09,Marseille,Lyon,2,0
2622,Ligue 1,France,2023/2024,2024-03-19,Marseille,Monaco,4,1
2623,Ligue 1,France,2023/2024,2023-09-08,Marseille,Lille,1,1
2624,Ligue 1,France,2023/2024,2023-09-17,Marseille,Nice,0,0
2625,Ligue 1,France,2023/2024,2024-02-23,Marseille,Rennes,2,1
2626,Ligue 1,France,2023/2024,2024-04-20,Marseille,Lens,1,2
2627,Ligue 1,France,2023/2024,2023-12-21,Marseille,Montpellier,0,4
2628,Ligue 1,France,2023/2024,2024-02-05,Marseille,Strasbourg,1,0
2629,Ligue 1,France,2023/2024,2024-03-20,Lyon,PSG,2,0
2630,Ligue 1,France,2023/2024,2024-04-06,Lyon,Marseille,0,0
2631,Ligue 1,France,2023/2024,2024-01-15,Lyon,Monaco,0,4
2632,Ligue 1,France,2023/2024,2023-08-02,Lyon,Lille,2,1
2633,Ligue 1,France,2023/2024,2023-09-17,Lyon,Nice,4,1
2634,Ligue 1,France,2023/2024,2024-03-22,Lyon,Rennes,0,1
2635,Ligue 1,France,2023/2024,2024-01-31,Lyon,Lens,0,1
2636,Ligue 1,France,2023/2024,2023-09-02,Lyon,Montpellier,2,1
2637,Ligue 1,France,2023/2024,2024-02-20,Lyon,Strasbourg,2,2
2638,Ligue 1,France,2023/2024,2023-11-20,Monaco,PSG,1,2
2639,Ligue 1,France,2023/2024,2024-03-07,Monaco,Marseille,0,0
2640,Ligue 1,France,2023/2024,2023-11-17,Monaco,Lyon,1,2
2641,Ligue 1,France,2023/2024,2024-04-10,Monaco,Lille,3,2
2642,Ligue 1,France,2023/2024,2023-12-16,Monaco,Nice,1,1
2643,Ligue 1,France,2023/2024,2024-01-13,Monaco,Rennes,2,2
2644,Ligue 1,France,2023/2024,2023-12-24,Monaco,Lens,1,1
2645,Ligue 1,France,2023/2024,2024-01-20,Monaco,Montpellier,1,0
2646,Ligue 1,France,2023/2024,2023-10-06,Monaco,Strasbourg,3,1
2647,Ligue 1,France,2023/2024,2024-04-05,Lille,PSG,2,1
2648,Ligue 1,France,2023/2024,2024-01-23,Lille,Marseille,4,0
2649,Ligue 1,France,2023/2024,2023-08-25,Lille,Lyon,0,2
2650,Ligue 1,France,2023/2024,2023-08-24,Lille,Monaco,1,1
2651,Ligue 1,France,2023/2024,2023-09-20,Lille,Nice,2,1
2652,Ligue 1,France,2023/2024,2024-03-23,Lille,Rennes,0,2
2653,Ligue 1,France,2023/2024,2023-08-09,Lille,Lens,1,0
2654,Ligue 1,France,2023/2024,2023-10-03,Lille,Montpellier,2,2
2655,Ligue 1,France,2023/2024,2023-10-20,Lille,Strasbourg,1,1
2656,Ligue 1,France,2023/2024,2024-03-13,Nice,PSG,2,1
2657,Ligue 1,France,2023/2024,2024-03-21,Nice,Marseille,1,0
2658,Ligue 1,France,2023/2024,2023-08-01,Nice,Lyon,2,3
2659,Ligue 1,France,2023/2024,2024-03-07,Nice,Monaco,2,1
2660,Ligue 1,France,2023/2024,2023-11-12,Nice,Lille,3,5
2661,Ligue 1,France,2023/2024,2023-10-07,Nice,Rennes,1,1
2662,Ligue 1,France,2023/2024,2024-01-02,Nice,Lens,2,0
2663,Ligue 1,France,2023/2024,2023-10-21,Nice,Montpellier,1,0
2664,Ligue 1,France,2023/2024,2023-12-19,Nice,Strasbourg,0,4
2665,Ligue 1,France,2023/2024,2023-09-17,Rennes,PSG,1,0
2666,Ligue 1,France,2023/2024,2024-02-01,Rennes,Marseille,0,2
2667,Ligue 1,France,2023/2024,2023-12-07,Rennes,Lyon,2,2
2668,Ligue 1,France,2023/2024,2023-09-12,Rennes,Monaco,2,2
2669,Ligue 1,France,2023/2024,2024-02-07,Rennes,Lille,2,2
2670,Ligue 1,France,2023/2024,2023-10-24,Rennes,Nice,0,0
2671,Ligue 1,France,2023/2024,2023-08-27,Rennes,Lens,3,0
2672,Ligue 1,France,2023/2024,2024-02-19,Rennes,Montpellier,0,3
2673,Ligue 1,France,2023/2024,2024-01-04,Rennes,Strasbourg,2,1
2674,Ligue 1,France,2023/2024,2023-11-28,Lens,PSG,0,0
2675,Ligue 1,France,2023/2024,2024-03-07,Lens,Marseille,1,0
2676,Ligue 1,France,2023/2024,2023-09-16,Lens,Lyon,0,3
2677,Ligue 1,France,2023/2024,2023-09-18,Lens,Monaco,1,0
2678,Ligue 1,France,2023/2024,2023-08-01,Lens,Lille,3,0
2679,Ligue 1,France,2023/2024,2023-11-18,Lens,Nice,2,0
2680,Ligue 1,France,2023/2024,2024-04-01,Lens,Rennes,1,0
2681,Ligue 1,France,2023/2024,2023-09-09,Lens,Montpellier,2,0
2682,Ligue 1,France,2023/2024,2023-10-07,Lens,Strasbourg,1,1
2683,Ligue 1,France,2023/2024,2023-11-24,Montpellier,PSG,1,1
2684,Ligue 1,France,2023/2024,2024-04-22,Montpellier,Marseille,1,0
2685,Ligue 1,France,2023/2024,2024-03-15,Montpellier,Lyon,5,0
2686,Ligue 1,France,2023/2024,2023-08-05,Montpellier,Monaco,0,1
2687,Ligue 1,France,2023/2024,2023-08-05,Montpellier,Lille,3,1
2688,Ligue 1,France,2023/2024,2024-01-23,Montpellier,Nice,1,2
2689,Ligue 1,France,2023/2024,2023-10-01,Montpellier,Rennes,2,1
2690,Ligue 1,France,2023/2024,2024-03-04,Montpellier,Lens,2,0
2691,Ligue 1,France,2023/2024,2023-10-07,Montpellier,Strasbourg,1,0
2692,Ligue 1,France,2023/2024,2024-04-01,Strasbourg,PSG,1,0
2693,Ligue 1,France,2023/2024,2023-09-06,Strasbourg,Marseille,1,1
2694,Ligue 1,France,2023/2024,2023-11-26,Strasbourg,Lyon,3,0
2695,Ligue 1,France,2023/2024,2024-02-13,Strasbourg,Monaco,0,2
2696,Ligue 1,France,2023/2024,2023-09-15,Strasbourg,Lille,1,2
2697,Ligue 1,France,2023/2024,2023-09-22,Strasbourg,Nice,2,0
2698,Ligue 1,France,2023/2024,2023-09-22,Strasbourg,Rennes,2,3
2699,Ligue 1,France,2023/2024,2024-01-08,Strasbourg,Lens,1,2
2700,Ligue 1,France,2023/2024,2024-02-05,Strasbourg,Montpellier,2,1
